1327;108;10347;36;990;2020-04-12 21:00:00
1328;111;10361;46;992;2020-04-12 21:00:00
1329;112;10367;39;993;2020-04-12 21:00:00
1330;112;10367;36;994;2020-04-12 21:00:00
1331;111;10363;46;995;2020-04-12 21:00:00
1332;114;10373;43;995;2020-04-12 21:00:00
1333;110;10387;40;996;2020-04-12 21:00:00
1334;110;10354;40;996;2020-04-12 21:00:00
1335;111;10358;38;997;2020-04-12 21:00:00
1336;111;10359;38;997;2020-04-12 21:00:00
1337;111;10363;38;997;2020-04-12 21:00:00
1338;111;10361;38;997;2020-04-12 21:00:00
1339;113;10368;38;998;2020-04-12 21:00:00
1340;113;10370;45;999;2020-04-12 21:00:00
1341;108;10328;45;1000;2020-04-12 21:00:00
1342;111;10363;46;1001;2020-04-12 21:00:00
1343;111;10361;46;1001;2020-04-12 21:00:00
1344;111;10362;46;1001;2020-04-12 21:00:00
1345;111;10361;45;1002;2020-04-12 21:00:00
1346;111;10362;45;1002;2020-04-12 21:00:00
1347;111;10363;45;1003;2020-04-12 21:00:00
1348;111;10361;45;1003;2020-04-12 21:00:00
1349;111;10362;45;1003;2020-04-12 21:00:00
1350;114;10373;43;1004;2020-04-12 21:00:00
1351;108;10328;46;1005;2020-04-12 21:00:00
1352;112;10367;45;1006;2020-04-12 21:00:00
1353;112;10366;43;1007;2020-04-12 21:00:00
1354;108;10327;44;1008;2020-04-12 21:00:00
1355;108;10347;45;1009;2020-04-12 21:00:00
1356;111;10358;37;1010;2020-04-12 21:00:00
1357;111;10362;37;1010;2020-04-12 21:00:00
1358;110;10354;41;1011;2020-04-12 21:00:00
1359;112;10367;43;1012;2020-04-12 21:00:00
1360;109;10409;42;1014;2020-04-12 21:00:00
1361;109;10410;42;1014;2020-04-12 21:00:00
1362;112;10366;42;1014;2020-04-12 21:00:00
1363;112;10367;42;1014;2020-04-12 21:00:00
1364;110;10354;41;1015;2020-04-12 21:00:00
1365;114;10372;36;1016;2020-04-12 21:00:00
1366;114;10372;36;1016;2020-04-12 21:00:00
1367;111;10363;45;1017;2020-04-12 21:00:00
1368;112;10367;45;1019;2020-04-12 21:00:00
1369;112;10366;38;1020;2020-04-12 21:00:00
1370;113;10370;43;1021;2020-04-12 21:00:00
1371;112;10367;44;1022;2020-04-12 21:00:00
1372;112;10367;42;1023;2020-04-12 21:00:00
1373;112;10367;38;1024;2020-04-12 21:00:00
1374;114;10373;43;1025;2020-04-12 21:00:00
1375;108;10347;45;1026;2020-04-12 21:00:00
1376;108;10327;45;1026;2020-04-12 21:00:00
1377;112;10367;43;1027;2020-04-12 21:00:00
1378;112;10367;44;1028;2020-04-12 21:00:00
1379;108;10347;45;1029;2020-04-12 21:00:00
1380;108;10327;45;1029;2020-04-12 21:00:00
1381;108;10347;34;1030;2020-04-12 21:00:00
1382;108;10327;34;1030;2020-04-12 21:00:00
1383;112;10366;43;1031;2020-04-12 21:00:00
1384;113;10370;43;1032;2020-04-12 21:00:00
1385;112;10367;44;1033;2020-04-12 21:00:00
1386;111;10361;37;1034;2020-04-12 21:00:00
1387;111;10362;37;1034;2020-04-12 21:00:00
1388;110;10387;41;1035;2020-04-12 21:00:00
1389;110;10354;41;1035;2020-04-12 21:00:00
1390;108;10327;41;1036;2020-04-12 21:00:00
1391;113;10369;44;1037;2020-04-12 21:00:00
1392;108;10328;44;1038;2020-04-12 21:00:00
1393;108;10348;45;1040;2020-04-12 21:00:00
1394;114;10373;45;1040;2020-04-12 21:00:00
1395;113;10370;36;1041;2020-04-12 21:00:00
1396;111;10363;38;1042;2020-04-12 21:00:00
1397;111;10362;38;1042;2020-04-12 21:00:00
1398;113;10370;43;1043;2020-04-12 21:00:00
1399;113;10369;36;1044;2020-04-12 21:00:00
1400;108;10327;41;1045;2020-04-12 21:00:00
1401;114;10372;36;1046;2020-04-12 21:00:00
1402;110;10387;39;1047;2020-04-12 21:00:00
1403;110;10354;39;1047;2020-04-12 21:00:00
1404;114;10371;36;1048;2020-04-12 21:00:00
1405;110;10387;39;1049;2020-04-12 21:00:00
1406;110;10354;39;1049;2020-04-12 21:00:00
1407;114;10372;43;1050;2020-04-12 21:00:00
1408;110;10388;44;1052;2020-04-12 21:00:00
1409;110;10355;44;1052;2020-04-12 21:00:00
1410;114;10373;36;1053;2020-04-12 21:00:00
1411;114;10373;43;1054;2020-04-12 21:00:00
1412;114;10372;43;1055;2020-04-12 21:00:00
1413;114;10373;43;1055;2020-04-12 21:00:00
1414;108;10328;39;1056;2020-04-12 21:00:00
1415;108;10347;42;1057;2020-04-12 21:00:00
1416;113;10369;39;1058;2020-04-12 21:00:00
1417;114;10372;43;1059;2020-04-12 21:00:00
1418;110;10387;43;1060;2020-04-12 21:00:00
1419;110;10354;43;1060;2020-04-12 21:00:00
1420;108;10347;45;1061;2020-04-12 21:00:00
1421;108;10327;45;1061;2020-04-12 21:00:00
1422;113;10370;34;1062;2020-04-12 21:00:00
1423;112;10366;45;1063;2020-04-12 21:00:00
1424;114;10372;46;1064;2020-04-12 21:00:00
1425;110;10387;43;1065;2020-04-12 21:00:00
1426;110;10354;43;1065;2020-04-12 21:00:00
1427;110;10355;43;1065;2020-04-12 21:00:00
1428;110;10387;36;1066;2020-04-12 21:00:00
1429;110;10354;36;1066;2020-04-12 21:00:00
1430;108;10328;41;1067;2020-04-12 21:00:00
1431;114;10373;43;1068;2020-04-12 21:00:00
1432;113;10370;43;1069;2020-04-12 21:00:00
1433;111;10361;34;1070;2020-04-12 21:00:00
1434;108;10347;33;1071;2020-04-12 21:00:00
1435;114;10372;36;1072;2020-04-12 21:00:00
1436;110;10388;46;1073;2020-04-12 21:00:00
1437;112;10366;33;1074;2020-04-12 21:00:00
1438;114;10373;44;1075;2020-04-12 21:00:00
1439;112;10366;41;1076;2020-04-12 21:00:00
1440;113;10369;38;1077;2020-04-12 21:00:00
1441;113;10369;35;1078;2020-04-12 21:00:00
1442;111;10358;33;1079;2020-04-12 21:00:00
1443;111;10359;33;1079;2020-04-12 21:00:00
1444;111;10363;33;1079;2020-04-12 21:00:00
1445;111;10361;33;1079;2020-04-12 21:00:00
1446;111;10362;33;1079;2020-04-12 21:00:00
1447;110;10354;41;1080;2020-04-12 21:00:00
1448;114;10372;40;1081;2020-04-12 21:00:00
1449;114;10372;46;1082;2020-04-12 21:00:00
1450;110;10389;38;1083;2020-04-12 21:00:00
1451;110;10354;38;1083;2020-04-12 21:00:00
1452;110;10357;38;1083;2020-04-12 21:00:00
1453;111;10361;39;1084;2020-04-12 21:00:00
1454;113;10368;35;1085;2020-04-12 21:00:00
1455;112;10367;39;1086;2020-04-12 21:00:00
1456;114;10372;39;1087;2020-04-12 21:00:00
1457;114;10372;39;1088;2020-04-12 21:00:00
1458;110;10357;43;1089;2020-04-12 21:00:00
1459;110;10388;37;1090;2020-04-12 21:00:00
1460;110;10357;35;1091;2020-04-12 21:00:00
1461;112;10366;37;1092;2020-04-12 21:00:00
1462;112;10367;37;1092;2020-04-12 21:00:00
1463;112;10366;36;1093;2020-04-12 21:00:00
1464;112;10366;42;1094;2020-04-12 21:00:00
1465;112;10366;35;1095;2020-04-12 21:00:00
1466;112;10366;46;1096;2020-04-12 21:00:00
1467;113;10370;46;1097;2020-04-12 21:00:00
1468;112;10366;43;1098;2020-04-12 21:00:00
1469;112;10366;34;1099;2020-04-12 21:00:00
1470;110;10387;37;1100;2020-04-12 21:00:00
1471;110;10354;37;1100;2020-04-12 21:00:00
1472;113;10368;34;1101;2020-04-12 21:00:00
1473;108;10327;34;1102;2020-04-12 21:00:00
1474;111;10359;35;1103;2020-04-12 21:00:00
1475;110;10387;37;1104;2020-04-12 21:00:00
1476;110;10354;37;1104;2020-04-12 21:00:00
1477;108;10328;43;1105;2020-04-12 21:00:00
1478;110;10387;45;1106;2020-04-12 21:00:00
1479;110;10354;45;1106;2020-04-12 21:00:00
1480;113;10370;44;1107;2020-04-12 21:00:00
1481;111;10358;42;1108;2020-04-12 21:00:00
1482;111;10363;42;1108;2020-04-12 21:00:00
1483;111;10361;42;1108;2020-04-12 21:00:00
1484;111;10362;42;1108;2020-04-12 21:00:00
1485;111;10361;36;1109;2020-04-12 21:00:00
1486;111;10361;39;1110;2020-04-12 21:00:00
1487;111;10362;39;1110;2020-04-12 21:00:00
1488;111;10358;45;1111;2020-04-12 21:00:00
1489;111;10361;45;1112;2020-04-12 21:00:00
1490;113;10368;35;1113;2020-04-12 21:00:00
1491;110;10388;38;1114;2020-04-12 21:00:00
1492;113;10370;37;1115;2020-04-12 21:00:00
1493;113;10369;37;1116;2020-04-12 21:00:00
1494;111;10359;38;1117;2020-04-12 21:00:00
1495;111;10363;39;1118;2020-04-12 21:00:00
1496;108;10328;38;1119;2020-04-12 21:00:00
1497;112;10366;38;1120;2020-04-12 21:00:00
1498;108;10347;37;1121;2020-04-12 21:00:00
1499;111;10361;43;1122;2020-04-12 21:00:00
1500;111;10362;43;1122;2020-04-12 21:00:00
1501;113;10370;37;1123;2020-04-12 21:00:00
1502;111;10361;46;1124;2020-04-12 21:00:00
1503;113;10370;33;1125;2020-04-12 21:00:00
1504;108;10347;35;1126;2020-04-12 21:00:00
1505;113;10370;45;1127;2020-04-12 21:00:00
1506;109;10409;43;1129;2020-04-12 21:00:00
1507;113;10370;45;1130;2020-04-12 21:00:00
1508;114;10372;45;1131;2020-04-12 21:00:00
1509;109;10409;46;1132;2020-04-12 21:00:00
1510;113;10369;33;1133;2020-04-12 21:00:00
1511;112;10367;39;1134;2020-04-12 21:00:00
1512;112;10366;45;1135;2020-04-12 21:00:00
1513;112;10367;45;1136;2020-04-12 21:00:00
1514;113;10370;37;1137;2020-04-12 21:00:00
1515;108;10347;35;1138;2020-04-12 21:00:00
1516;108;10327;35;1138;2020-04-12 21:00:00
1517;108;10347;34;1139;2020-04-12 21:00:00
1518;114;10372;44;1140;2020-04-12 21:00:00
1519;114;10372;42;1141;2020-04-12 21:00:00
1520;114;10372;36;1142;2020-04-12 21:00:00
1521;114;10372;36;1143;2020-04-12 21:00:00
1522;114;10372;35;1144;2020-04-12 21:00:00
1523;113;10370;45;1145;2020-04-12 21:00:00
1524;114;10373;44;1146;2020-04-12 21:00:00
1525;111;10363;36;1147;2020-04-12 21:00:00
1526;111;10361;36;1147;2020-04-12 21:00:00
1527;111;10358;36;1148;2020-04-12 21:00:00
1528;111;10362;36;1148;2020-04-12 21:00:00
1529;111;10362;36;1149;2020-04-12 21:00:00
1530;113;10370;45;1150;2020-04-12 21:00:00
1531;110;10388;35;1151;2020-04-12 21:00:00
1532;111;10358;42;1152;2020-04-12 21:00:00
1533;111;10362;42;1152;2020-04-12 21:00:00
1534;111;10363;42;1153;2020-04-12 21:00:00
1535;110;10387;39;1154;2020-04-12 21:00:00
1536;110;10354;39;1154;2020-04-12 21:00:00
1537;108;10328;39;1155;2020-04-12 21:00:00
1538;114;10373;40;1156;2020-04-12 21:00:00
1539;108;10348;35;1157;2020-04-12 21:00:00
1540;108;10347;35;1157;2020-04-12 21:00:00
1541;108;10328;35;1157;2020-04-12 21:00:00
1542;108;10327;35;1157;2020-04-12 21:00:00
1543;111;10358;33;1158;2020-04-12 21:00:00
1544;108;10347;43;1159;2020-04-12 21:00:00
1545;108;10327;43;1159;2020-04-12 21:00:00
1546;110;10387;35;1160;2020-04-12 21:00:00
1547;110;10354;35;1160;2020-04-12 21:00:00
1548;110;10387;45;1161;2020-04-12 21:00:00
1549;110;10354;45;1161;2020-04-12 21:00:00
1550;114;10372;44;1162;2020-04-12 21:00:00
1551;114;10373;44;1162;2020-04-12 21:00:00
1552;114;10372;39;1163;2020-04-12 21:00:00
1553;114;10373;39;1163;2020-04-12 21:00:00
1554;114;10373;36;1164;2020-04-12 21:00:00
1555;114;10372;35;1165;2020-04-12 21:00:00
1556;111;10361;46;1166;2020-04-12 21:00:00
1557;111;10362;46;1166;2020-04-12 21:00:00
1558;108;10347;35;1167;2020-04-12 21:00:00
1559;108;10348;33;1168;2020-04-12 21:00:00
1560;112;10367;40;1169;2020-04-12 21:00:00
1561;113;10369;42;1170;2020-04-12 21:00:00
1562;108;10347;34;1171;2020-04-12 21:00:00
1563;108;10327;34;1171;2020-04-12 21:00:00
1564;108;10328;38;1172;2020-04-12 21:00:00
1565;114;10371;39;1173;2020-04-12 21:00:00
1566;108;10348;46;1174;2020-04-12 21:00:00
1567;110;10389;34;1175;2020-04-12 21:00:00
1568;114;10372;42;1176;2020-04-12 21:00:00
1569;111;10359;38;1177;2020-04-12 21:00:00
1570;113;10370;35;1178;2020-04-12 21:00:00
1571;113;10370;42;1179;2020-04-12 21:00:00
1572;110;10356;46;1180;2020-04-12 21:00:00
1573;110;10387;38;1181;2020-04-12 21:00:00
1574;110;10388;38;1181;2020-04-12 21:00:00
1575;110;10354;38;1181;2020-04-12 21:00:00
1576;111;10358;35;1182;2020-04-12 21:00:00
1577;111;10359;35;1182;2020-04-12 21:00:00
1578;111;10363;35;1182;2020-04-12 21:00:00
1579;111;10361;35;1182;2020-04-12 21:00:00
1580;111;10362;35;1182;2020-04-12 21:00:00
1581;111;10359;35;1183;2020-04-12 21:00:00
1582;114;10373;44;1184;2020-04-12 21:00:00
1583;114;10372;46;1185;2020-04-12 21:00:00
1584;108;10348;36;1186;2020-04-12 21:00:00
1585;113;10370;37;1187;2020-04-12 21:00:00
1586;111;10359;42;1189;2020-04-12 21:00:00
1587;108;10347;43;1190;2020-04-12 21:00:00
1588;108;10327;43;1190;2020-04-12 21:00:00
1589;113;10368;42;1191;2020-04-12 21:00:00
1590;111;10359;42;1192;2020-04-12 21:00:00
1591;111;10358;41;1193;2020-04-12 21:00:00
1592;111;10363;41;1193;2020-04-12 21:00:00
1593;111;10362;41;1193;2020-04-12 21:00:00
1594;110;10389;46;1194;2020-04-12 21:00:00
1595;111;10359;43;1195;2020-04-12 21:00:00
1596;111;10359;39;1196;2020-04-12 21:00:00
1597;114;10373;38;1197;2020-04-12 21:00:00
1598;113;10370;42;1198;2020-04-12 21:00:00
1599;108;10347;39;1199;2020-04-12 21:00:00
1600;108;10347;44;1200;2020-04-12 21:00:00
1601;110;10387;35;1201;2020-04-12 21:00:00
1602;110;10388;35;1201;2020-04-12 21:00:00
1603;110;10354;35;1201;2020-04-12 21:00:00
1604;114;10372;46;1202;2020-04-12 21:00:00
1605;108;10328;33;1203;2020-04-12 21:00:00
1606;111;10358;33;1204;2020-04-12 21:00:00
1607;111;10363;33;1204;2020-04-12 21:00:00
1608;111;10361;33;1204;2020-04-12 21:00:00
1609;111;10362;33;1204;2020-04-12 21:00:00
1610;110;10387;39;1205;2020-04-12 21:00:00
1611;110;10389;39;1205;2020-04-12 21:00:00
1612;110;10354;39;1205;2020-04-12 21:00:00
1613;114;10373;40;1207;2020-04-12 21:00:00
1614;110;10356;46;1208;2020-04-12 21:00:00
1615;110;10354;46;1209;2020-04-12 21:00:00
1616;111;10358;43;1210;2020-04-12 21:00:00
1617;111;10363;43;1210;2020-04-12 21:00:00
1618;111;10361;43;1210;2020-04-12 21:00:00
1619;111;10359;38;1211;2020-04-12 21:00:00
1620;110;10387;39;1212;2020-04-12 21:00:00
1621;110;10354;39;1212;2020-04-12 21:00:00
1622;111;10358;43;1213;2020-04-12 21:00:00
1623;111;10363;43;1213;2020-04-12 21:00:00
1624;111;10358;38;1214;2020-04-12 21:00:00
1625;111;10363;38;1214;2020-04-12 21:00:00
1626;111;10362;38;1214;2020-04-12 21:00:00
1627;110;10388;35;1215;2020-04-12 21:00:00
1628;110;10355;35;1215;2020-04-12 21:00:00
1629;110;10387;40;1216;2020-04-12 21:00:00
1630;110;10354;40;1216;2020-04-12 21:00:00
1631;110;10387;35;1217;2020-04-12 21:00:00
1632;110;10354;35;1217;2020-04-12 21:00:00
1633;110;10355;35;1217;2020-04-12 21:00:00
1634;111;10361;43;1218;2020-04-12 21:00:00
1635;114;10372;38;1219;2020-04-12 21:00:00
1636;113;10370;38;1220;2020-04-12 21:00:00
1637;109;10409;38;1221;2020-04-12 21:00:00
1638;112;10367;43;1222;2020-04-12 21:00:00
1639;108;10348;33;1223;2020-04-12 21:00:00
1640;113;10370;40;1224;2020-04-12 21:00:00
1641;111;10363;44;1225;2020-04-12 21:00:00
1642;111;10358;44;1226;2020-04-12 21:00:00
1643;111;10362;44;1226;2020-04-12 21:00:00
1644;110;10388;39;1227;2020-04-12 21:00:00
1645;110;10388;46;1228;2020-04-12 21:00:00
1646;111;10363;33;1229;2020-04-12 21:00:00
1647;113;10369;38;1230;2020-04-12 21:00:00
1648;110;10357;43;1231;2020-04-12 21:00:00
1649;110;10357;43;1232;2020-04-12 21:00:00
1650;114;10372;42;1233;2020-04-12 21:00:00
1651;110;10387;44;1234;2020-04-12 21:00:00
1652;110;10387;46;1235;2020-04-12 21:00:00
1653;114;10373;46;1236;2020-04-12 21:00:00
1654;114;10373;34;1237;2020-04-12 21:00:00
1655;114;10372;35;1238;2020-04-12 21:00:00
1656;110;10387;36;1239;2020-04-12 21:00:00
1657;110;10354;36;1239;2020-04-12 21:00:00
1658;114;10372;44;1240;2020-04-12 21:00:00
1659;110;10355;39;1241;2020-04-12 21:00:00
1660;110;10354;35;1242;2020-04-12 21:00:00
1661;110;10387;41;1243;2020-04-12 21:00:00
1662;110;10354;41;1243;2020-04-12 21:00:00
1663;112;10367;34;1244;2020-04-12 21:00:00
1664;111;10359;38;1245;2020-04-12 21:00:00
1665;110;10387;33;1246;2020-04-12 21:00:00
1666;110;10354;33;1246;2020-04-12 21:00:00
1667;110;10355;33;1246;2020-04-12 21:00:00
1668;110;10357;34;1247;2020-04-12 21:00:00
1669;111;10358;36;1248;2020-04-12 21:00:00
1670;111;10363;36;1248;2020-04-12 21:00:00
1671;111;10362;36;1248;2020-04-12 21:00:00
1672;110;10389;33;1249;2020-04-12 21:00:00
1673;113;10370;42;1250;2020-04-12 21:00:00
1674;114;10373;43;1251;2020-04-12 21:00:00
1675;111;10359;33;1252;2020-04-12 21:00:00
1676;111;10363;33;1252;2020-04-12 21:00:00
1677;111;10361;33;1252;2020-04-12 21:00:00
1678;111;10362;33;1252;2020-04-12 21:00:00
1679;111;10358;36;1253;2020-04-12 21:00:00
1680;111;10363;36;1253;2020-04-12 21:00:00
1681;110;10356;44;1254;2020-04-12 21:00:00
1682;111;10363;42;1256;2020-04-12 21:00:00
1683;111;10363;39;1256;2020-04-12 21:00:00
1684;111;10361;42;1257;2020-04-12 21:00:00
1685;110;10389;35;1258;2020-04-12 21:00:00
1686;111;10361;46;1259;2020-04-12 21:00:00
1687;111;10362;46;1259;2020-04-12 21:00:00
1688;111;10361;39;1260;2020-04-12 21:00:00
1689;111;10362;39;1260;2020-04-12 21:00:00
1690;111;10361;38;1261;2020-04-12 21:00:00
1691;111;10362;38;1261;2020-04-12 21:00:00
1692;111;10361;42;1263;2020-04-12 21:00:00
1693;111;10361;34;1263;2020-04-12 21:00:00
1694;111;10361;33;1263;2020-04-12 21:00:00
1695;111;10362;42;1263;2020-04-12 21:00:00
1696;111;10362;34;1263;2020-04-12 21:00:00
1697;111;10358;38;1266;2020-04-12 21:00:00
1698;111;10363;38;1266;2020-04-12 21:00:00
1699;113;10369;37;1267;2020-04-12 21:00:00
1700;113;10370;42;1268;2020-04-12 21:00:00
1701;108;10328;37;1269;2020-04-12 21:00:00
1702;110;10387;46;1270;2020-04-12 21:00:00
1703;110;10354;46;1270;2020-04-12 21:00:00
1704;108;10328;34;1271;2020-04-12 21:00:00
1705;111;10361;45;1272;2020-04-12 21:00:00
1706;110;10354;41;1273;2020-04-12 21:00:00
1707;113;10370;42;1274;2020-04-12 21:00:00
1708;110;10387;34;1275;2020-04-12 21:00:00
1709;110;10354;34;1275;2020-04-12 21:00:00
1710;110;10387;46;1276;2020-04-12 21:00:00
1711;111;10363;46;1277;2020-04-12 21:00:00
1712;110;10356;35;1278;2020-04-12 21:00:00
1713;110;10387;44;1279;2020-04-12 21:00:00
1714;112;10366;43;1280;2020-04-12 21:00:00
1715;110;10356;46;1281;2020-04-12 21:00:00
1716;111;10358;39;1282;2020-04-12 21:00:00
1717;111;10358;39;1282;2020-04-12 21:00:00
1718;111;10362;39;1282;2020-04-12 21:00:00
1719;111;10361;39;1283;2020-04-12 21:00:00
1720;110;10354;41;1284;2020-04-12 21:00:00
1721;114;10373;42;1285;2020-04-12 21:00:00
1722;108;10327;40;1286;2020-04-12 21:00:00
1723;108;10347;37;1287;2020-04-12 21:00:00
1724;108;10327;37;1287;2020-04-12 21:00:00
1725;113;10368;40;1288;2020-04-12 21:00:00
1726;111;10358;41;1289;2020-04-12 21:00:00
1727;111;10361;41;1289;2020-04-12 21:00:00
1728;111;10362;41;1289;2020-04-12 21:00:00
1729;111;10359;36;1291;2020-04-12 21:00:00
1730;113;10368;42;1292;2020-04-12 21:00:00
1731;110;10389;35;1293;2020-04-12 21:00:00
1732;114;10371;38;1294;2020-04-12 21:00:00
1733;111;10359;42;1295;2020-04-12 21:00:00
1734;113;10370;38;1296;2020-04-12 21:00:00
1735;113;10368;40;1297;2020-04-12 21:00:00
1736;113;10368;38;1298;2020-04-12 21:00:00
1737;110;10388;36;1300;2020-04-12 21:00:00
1738;110;10387;43;1301;2020-04-12 21:00:00
1739;110;10354;43;1301;2020-04-12 21:00:00
1740;110;10387;43;1302;2020-04-12 21:00:00
1741;110;10388;43;1302;2020-04-12 21:00:00
1742;110;10354;43;1302;2020-04-12 21:00:00
1743;110;10387;39;1303;2020-04-12 21:00:00
1744;110;10354;39;1303;2020-04-12 21:00:00
1745;114;10372;43;1304;2020-04-12 21:00:00
1746;110;10388;35;1305;2020-04-12 21:00:00
1747;111;10358;45;1306;2020-04-12 21:00:00
1748;111;10363;35;1307;2020-04-12 21:00:00
1749;111;10362;35;1307;2020-04-12 21:00:00
1750;111;10358;35;1308;2020-04-12 21:00:00
1751;111;10361;43;1309;2020-04-12 21:00:00
1752;114;10371;43;1310;2020-04-12 21:00:00
1753;110;10387;42;1311;2020-04-12 21:00:00
1754;110;10354;42;1311;2020-04-12 21:00:00
1755;110;10387;42;1312;2020-04-12 21:00:00
1756;110;10354;42;1312;2020-04-12 21:00:00
1757;110;10387;35;1313;2020-04-12 21:00:00
1758;110;10354;35;1313;2020-04-12 21:00:00
1759;111;10358;42;1314;2020-04-12 21:00:00
1760;114;10371;36;1315;2020-04-12 21:00:00
1761;111;10358;45;1316;2020-04-12 21:00:00
1762;112;10367;43;1317;2020-04-12 21:00:00
1763;111;10358;35;1318;2020-04-12 21:00:00
1764;111;10363;35;1318;2020-04-12 21:00:00
1765;114;10373;35;1319;2020-04-12 21:00:00
1766;111;10358;33;1320;2020-04-12 21:00:00
1767;113;10368;38;1321;2020-04-12 21:00:00
1768;111;10358;43;1322;2020-04-12 21:00:00
1769;111;10358;42;1323;2020-04-12 21:00:00
1770;111;10359;42;1323;2020-04-12 21:00:00
1771;111;10363;42;1323;2020-04-12 21:00:00
1772;110;10388;39;1324;2020-04-12 21:00:00
1773;113;10369;38;1325;2020-04-12 21:00:00
1774;110;10354;34;1327;2020-04-12 21:00:00
1775;111;10359;42;1328;2020-04-12 21:00:00
1776;112;10366;38;1329;2020-04-12 21:00:00
1777;114;10372;35;1330;2020-04-12 21:00:00
1778;111;10362;34;1331;2020-04-12 21:00:00
1779;109;10409;35;1332;2020-04-12 21:00:00
1780;111;10361;46;1333;2020-04-12 21:00:00
1781;111;10362;46;1333;2020-04-12 21:00:00
1782;108;10347;33;1334;2020-04-12 21:00:00
1783;108;10327;33;1334;2020-04-12 21:00:00
1784;113;10368;36;1335;2020-04-12 21:00:00
1785;110;10387;34;1336;2020-04-12 21:00:00
1786;110;10354;34;1336;2020-04-12 21:00:00
1787;110;10354;41;1337;2020-04-12 21:00:00
1788;110;10354;33;1338;2020-04-12 21:00:00
1789;110;10356;33;1338;2020-04-12 21:00:00
1790;110;10388;46;1339;2020-04-12 21:00:00
1791;111;10361;45;1340;2020-04-12 21:00:00
1792;111;10362;45;1340;2020-04-12 21:00:00
1793;111;10359;38;1342;2020-04-12 21:00:00
1794;111;10358;38;1343;2020-04-12 21:00:00
1795;111;10363;38;1343;2020-04-12 21:00:00
1796;111;10361;38;1343;2020-04-12 21:00:00
1797;111;10362;38;1343;2020-04-12 21:00:00
1798;111;10358;36;1344;2020-04-12 21:00:00
1799;111;10363;36;1344;2020-04-12 21:00:00
1800;111;10358;42;1345;2020-04-12 21:00:00
1801;111;10363;42;1345;2020-04-12 21:00:00
1802;111;10362;42;1345;2020-04-12 21:00:00
1803;110;10387;33;1346;2020-04-12 21:00:00
1804;110;10354;33;1346;2020-04-12 21:00:00
1805;110;10355;33;1346;2020-04-12 21:00:00
1806;114;10371;41;1347;2020-04-12 21:00:00
1807;108;10327;37;1348;2020-04-12 21:00:00
1808;113;10368;42;1349;2020-04-12 21:00:00
1809;110;10355;35;1350;2020-04-12 21:00:00
1810;108;10347;33;1351;2020-04-12 21:00:00
1811;110;10357;44;1353;2020-04-12 21:00:00
1812;113;10370;46;1354;2020-04-12 21:00:00
1813;113;10369;45;1355;2020-04-12 21:00:00
1814;111;10361;42;1356;2020-04-12 21:00:00
1815;111;10362;42;1356;2020-04-12 21:00:00
1816;112;10367;39;1357;2020-04-12 21:00:00
1817;112;10367;40;1358;2020-04-12 21:00:00
1818;113;10370;45;1359;2020-04-12 21:00:00
1819;113;10370;36;1360;2020-04-12 21:00:00
1820;111;10363;42;1361;2020-04-12 21:00:00
1821;112;10366;39;1362;2020-04-12 21:00:00
1822;112;10367;39;1362;2020-04-12 21:00:00
1823;110;10387;45;1363;2020-04-12 21:00:00
1824;110;10354;45;1363;2020-04-12 21:00:00
1825;110;10355;45;1363;2020-04-12 21:00:00
1826;110;10357;40;1364;2020-04-12 21:00:00
1827;110;10387;42;1365;2020-04-12 21:00:00
1828;110;10354;42;1365;2020-04-12 21:00:00
1829;108;10347;45;1366;2020-04-12 21:00:00
1830;108;10347;46;1367;2020-04-12 21:00:00
1831;108;10347;44;1368;2020-04-12 21:00:00
1832;114;10372;35;1369;2020-04-12 21:00:00
1833;108;10347;38;1370;2020-04-12 21:00:00
1834;108;10328;38;1370;2020-04-12 21:00:00
1835;109;10409;43;1371;2020-04-12 21:00:00
1836;108;10328;38;1372;2020-04-12 21:00:00
1837;111;10361;34;1373;2020-04-12 21:00:00
1838;111;10362;34;1373;2020-04-12 21:00:00
1839;113;10370;44;1374;2020-04-12 21:00:00
1840;113;10370;35;1375;2020-04-12 21:00:00
1841;108;10328;35;1376;2020-04-12 21:00:00
1842;114;10372;44;1377;2020-04-12 21:00:00
1843;114;10372;42;1379;2020-04-12 21:00:00
1844;113;10370;43;1380;2020-04-12 21:00:00
1845;111;10363;37;1381;2020-04-12 21:00:00
1846;111;10361;37;1381;2020-04-12 21:00:00
1847;111;10362;37;1381;2020-04-12 21:00:00
1848;111;10358;42;1382;2020-04-12 21:00:00
1849;111;10363;42;1382;2020-04-12 21:00:00
1850;111;10361;42;1382;2020-04-12 21:00:00
1851;111;10362;42;1382;2020-04-12 21:00:00
1852;108;10327;43;1383;2020-04-12 21:00:00
1853;113;10370;42;1384;2020-04-12 21:00:00
1854;114;10372;46;1385;2020-04-12 21:00:00
1855;108;10347;38;1386;2020-04-12 21:00:00
1856;112;10367;42;1387;2020-04-12 21:00:00
1857;114;10372;45;1388;2020-04-12 21:00:00
1858;114;10373;45;1388;2020-04-12 21:00:00
1859;111;10359;46;1389;2020-04-12 21:00:00
1860;109;10409;43;1390;2020-04-12 21:00:00
1861;113;10370;39;1391;2020-04-12 21:00:00
1862;113;10370;46;1392;2020-04-12 21:00:00
1863;113;10370;46;1393;2020-04-12 21:00:00
1864;108;10348;45;1394;2020-04-12 21:00:00
1865;110;10388;38;1395;2020-04-12 21:00:00
1866;111;10358;41;1396;2020-04-12 21:00:00
1867;111;10363;41;1396;2020-04-12 21:00:00
1868;111;10361;41;1396;2020-04-12 21:00:00
1869;111;10362;41;1396;2020-04-12 21:00:00
1870;108;10328;38;1397;2020-04-12 21:00:00
1871;108;10328;44;1398;2020-04-12 21:00:00
1872;114;10372;38;1399;2020-04-12 21:00:00
1873;114;10373;38;1399;2020-04-12 21:00:00
1874;108;10347;38;1400;2020-04-12 21:00:00
1875;111;10361;34;1401;2020-04-12 21:00:00
1876;111;10361;39;1402;2020-04-12 21:00:00
1877;111;10361;45;1403;2020-04-12 21:00:00
1878;113;10370;44;1404;2020-04-12 21:00:00
1879;113;10370;33;1405;2020-04-12 21:00:00
1880;109;10410;42;1407;2020-04-12 21:00:00
1881;112;10366;42;1407;2020-04-12 21:00:00
1882;112;10367;42;1407;2020-04-12 21:00:00
1883;113;10369;41;1408;2020-04-12 21:00:00
1884;113;10370;40;1409;2020-04-12 21:00:00
1885;112;10367;40;1410;2020-04-12 21:00:00
1886;110;10389;37;1411;2020-04-12 21:00:00
1887;110;10357;37;1411;2020-04-12 21:00:00
1888;112;10367;35;1412;2020-04-12 21:00:00
1889;113;10370;37;1413;2020-04-12 21:00:00
1890;113;10370;37;1414;2020-04-12 21:00:00
1891;113;10370;43;1415;2020-04-12 21:00:00
1892;110;10388;44;1416;2020-04-12 21:00:00
1893;113;10368;43;1417;2020-04-12 21:00:00
1894;112;10366;35;1418;2020-04-12 21:00:00
1895;112;10367;41;1419;2020-04-12 21:00:00
1896;109;10408;46;1420;2020-04-12 21:00:00
1897;113;10370;37;1421;2020-04-12 21:00:00
1898;111;10361;39;1423;2020-04-12 21:00:00
1899;111;10361;34;1423;2020-04-12 21:00:00
1900;111;10362;39;1423;2020-04-12 21:00:00
1901;111;10362;34;1423;2020-04-12 21:00:00
1902;111;10361;36;1424;2020-04-12 21:00:00
1903;111;10362;36;1424;2020-04-12 21:00:00
1904;111;10361;44;1425;2020-04-12 21:00:00
1905;111;10362;44;1425;2020-04-12 21:00:00
1906;113;10369;43;1426;2020-04-12 21:00:00
1907;110;10354;35;1427;2020-04-12 21:00:00
1908;110;10357;46;1428;2020-04-12 21:00:00
1909;110;10354;44;1429;2020-04-12 21:00:00
1910;114;10372;36;1430;2020-04-12 21:00:00
1911;113;10370;41;1432;2020-04-12 21:00:00
1912;110;10354;39;1433;2020-04-12 21:00:00
1913;114;10372;40;1433;2020-04-12 21:00:00
1914;110;10354;42;1434;2020-04-12 21:00:00
1915;114;10372;41;1435;2020-04-12 21:00:00
1916;114;10372;38;1436;2020-04-12 21:00:00
1917;114;10372;46;1437;2020-04-12 21:00:00
1918;114;10372;39;1438;2020-04-12 21:00:00
1919;114;10373;36;1439;2020-04-12 21:00:00
1920;114;10372;34;1440;2020-04-12 21:00:00
1921;114;10373;34;1440;2020-04-12 21:00:00
1922;114;10372;45;1441;2020-04-12 21:00:00
1923;110;10354;41;1442;2020-04-12 21:00:00
1924;113;10370;44;1443;2020-04-12 21:00:00
1925;110;10354;43;1444;2020-04-12 21:00:00
1926;114;10372;36;1445;2020-04-12 21:00:00
1927;114;10373;35;1446;2020-04-12 21:00:00
1928;113;10370;41;1447;2020-04-12 21:00:00
1929;111;10363;38;1448;2020-04-12 21:00:00
1930;111;10358;38;1449;2020-04-12 21:00:00
1931;111;10362;38;1449;2020-04-12 21:00:00
1932;113;10370;39;1450;2020-04-12 21:00:00
1933;113;10370;39;1451;2020-04-12 21:00:00
1934;111;10361;45;1452;2020-04-12 21:00:00
1935;111;10362;45;1452;2020-04-12 21:00:00
1936;114;10373;45;1453;2020-04-12 21:00:00
1937;113;10369;33;1454;2020-04-12 21:00:00
1938;110;10387;45;1455;2020-04-12 21:00:00
1939;110;10388;45;1455;2020-04-12 21:00:00
1940;110;10354;45;1455;2020-04-12 21:00:00
1941;110;10387;39;1456;2020-04-12 21:00:00
1942;110;10354;39;1456;2020-04-12 21:00:00
14686;108;10328;38;1807;2021-08-23 10:52:39
14687;108;10347;34;1808;2021-08-23 10:52:39
14688;108;10347;34;1809;2021-08-23 10:52:39
14689;108;10347;34;1810;2021-08-23 10:52:40
14690;108;10347;34;1811;2021-08-23 10:52:40
14691;108;10347;35;1812;2021-08-23 10:52:40
14692;108;10347;35;1813;2021-08-23 10:52:40
14693;108;10347;35;1814;2021-08-23 10:52:40
14694;108;10347;39;1815;2021-08-23 10:52:40
14695;108;10347;43;1816;2021-08-23 10:52:40
14696;108;10348;35;1817;2021-08-23 10:52:40
14697;108;10348;38;1818;2021-08-23 10:52:40
14698;108;10348;38;1819;2021-08-23 10:52:40
14699;109;10409;35;1820;2021-08-23 10:52:40
14700;109;10409;35;1821;2021-08-23 10:52:41
14701;109;10409;35;1822;2021-08-23 10:52:41
14702;109;10409;35;1823;2021-08-23 10:52:41
14703;109;10410;33;1824;2021-08-23 10:52:41
14704;109;10410;35;1825;2021-08-23 10:52:41
14705;110;10354;38;1826;2021-08-23 10:52:41
14706;110;10354;38;1827;2021-08-23 10:52:41
14707;110;10354;38;1828;2021-08-23 10:52:41
14708;110;10354;38;1829;2021-08-23 10:52:41
14709;110;10355;38;1830;2021-08-23 10:52:41
14710;110;10355;38;1831;2021-08-23 10:52:42
14711;110;10357;33;1832;2021-08-23 10:52:42
14712;110;10357;33;1833;2021-08-23 10:52:42
14713;110;10357;33;1834;2021-08-23 10:52:42
14714;110;10357;33;1835;2021-08-23 10:52:42
14715;110;10357;34;1836;2021-08-23 10:52:42
14716;110;10357;35;1837;2021-08-23 10:52:42
14717;110;10357;39;1838;2021-08-23 10:52:42
14718;110;10357;43;1839;2021-08-23 10:52:43
14719;110;10387;38;1840;2021-08-23 10:52:43
14720;110;10388;35;1841;2021-08-23 10:52:43
14721;110;10388;35;1842;2021-08-23 10:52:43
14722;110;10388;35;1843;2021-08-23 10:52:43
14723;110;10388;35;1844;2021-08-23 10:52:43
14724;110;10388;38;1845;2021-08-23 10:52:43
14725;110;10389;33;1846;2021-08-23 10:52:43
14726;110;10389;38;1847;2021-08-23 10:52:43
14727;110;10389;38;1848;2021-08-23 10:52:44
14728;111;10359;34;1849;2021-08-23 10:52:44
14729;111;10359;35;1850;2021-08-23 10:52:44
14730;111;10359;35;1851;2021-08-23 10:52:44
14731;111;10359;39;1852;2021-08-23 10:52:44
14732;111;10359;41;1853;2021-08-23 10:52:44
14733;111;10359;41;1854;2021-08-23 10:52:44
14734;111;10359;43;1855;2021-08-23 10:52:44
14735;111;10361;35;1856;2021-08-23 10:52:44
14736;111;10361;39;1857;2021-08-23 10:52:44
14737;111;10361;43;1858;2021-08-23 10:52:44
14738;111;10362;34;1859;2021-08-23 10:52:45
14739;111;10362;39;1860;2021-08-23 10:52:45
14740;111;10363;34;1861;2021-08-23 10:52:45
14741;111;10363;35;1862;2021-08-23 10:52:45
14742;111;10363;38;1863;2021-08-23 10:52:45
14743;111;10363;39;1864;2021-08-23 10:52:45
14744;111;10363;43;1865;2021-08-23 10:52:45
14745;112;10367;38;1866;2021-08-23 10:52:45
14746;113;10368;35;1867;2021-08-23 10:52:45
14747;113;10369;33;1868;2021-08-23 10:52:46
14748;113;10370;35;1869;2021-08-23 10:52:46
14749;113;10370;35;1870;2021-08-23 10:52:46
14750;114;10371;35;1871;2021-08-23 10:52:46
14751;114;10372;34;1872;2021-08-23 10:52:46
14752;114;10372;34;1873;2021-08-23 10:52:46
14753;114;10372;34;1874;2021-08-23 10:52:46
14754;114;10372;34;1875;2021-08-23 10:52:46
14755;114;10372;34;1876;2021-08-23 10:52:46
14756;114;10373;35;1877;2021-08-23 10:52:46
14757;114;10373;35;1878;2021-08-23 10:52:47
14758;114;10373;35;1879;2021-08-23 10:52:47
1;114;10371;46;1;2020-04-12 21:00:00
2;108;10347;43;2;2020-04-12 21:00:00
3;112;10367;45;4;2020-04-12 21:00:00
4;112;10367;35;5;2020-04-12 21:00:00
5;108;10347;43;7;2020-04-12 21:00:00
6;110;10357;43;7;2020-04-12 21:00:00
7;111;10358;33;8;2020-04-12 21:00:00
8;111;10363;33;8;2020-04-12 21:00:00
9;111;10361;33;8;2020-04-12 21:00:00
10;113;10370;42;9;2020-04-12 21:00:00
11;113;10370;43;10;2020-04-12 21:00:00
12;111;10359;42;11;2020-04-12 21:00:00
13;111;10361;42;11;2020-04-12 21:00:00
14;111;10359;36;12;2020-04-12 21:00:00
15;111;10363;36;13;2020-04-12 21:00:00
16;111;10361;36;13;2020-04-12 21:00:00
17;111;10362;36;13;2020-04-12 21:00:00
18;112;10366;43;14;2020-04-12 21:00:00
19;110;10387;34;15;2020-04-12 21:00:00
20;110;10354;34;15;2020-04-12 21:00:00
21;111;10361;45;17;2020-04-12 21:00:00
22;113;10370;45;17;2020-04-12 21:00:00
23;111;10361;33;18;2020-04-12 21:00:00
24;111;10362;33;18;2020-04-12 21:00:00
25;113;10370;34;19;2020-04-12 21:00:00
26;112;10366;39;20;2020-04-12 21:00:00
27;110;10354;41;21;2020-04-12 21:00:00
28;112;10367;43;22;2020-04-12 21:00:00
29;108;10327;43;24;2020-04-12 21:00:00
30;113;10370;43;24;2020-04-12 21:00:00
31;109;10408;33;25;2020-04-12 21:00:00
32;113;10370;42;26;2020-04-12 21:00:00
33;110;10354;41;27;2020-04-12 21:00:00
34;114;10371;38;28;2020-04-12 21:00:00
35;110;10387;40;29;2020-04-12 21:00:00
36;110;10354;40;29;2020-04-12 21:00:00
37;110;10355;40;29;2020-04-12 21:00:00
38;108;10347;42;30;2020-04-12 21:00:00
39;110;10387;40;31;2020-04-12 21:00:00
40;110;10354;40;31;2020-04-12 21:00:00
41;110;10355;40;31;2020-04-12 21:00:00
42;110;10354;38;32;2020-04-12 21:00:00
43;112;10367;34;34;2020-04-12 21:00:00
44;108;10347;44;35;2020-04-12 21:00:00
45;111;10361;37;36;2020-04-12 21:00:00
46;108;10347;42;38;2020-04-12 21:00:00
47;110;10388;42;38;2020-04-12 21:00:00
48;108;10347;34;39;2020-04-12 21:00:00
49;108;10347;35;40;2020-04-12 21:00:00
50;113;10368;42;41;2020-04-12 21:00:00
51;113;10370;42;41;2020-04-12 21:00:00
52;110;10354;41;42;2020-04-12 21:00:00
53;113;10368;45;43;2020-04-12 21:00:00
54;114;10373;33;44;2020-04-12 21:00:00
55;109;10409;35;45;2020-04-12 21:00:00
56;111;10363;35;46;2020-04-12 21:00:00
57;111;10361;35;46;2020-04-12 21:00:00
58;111;10362;35;46;2020-04-12 21:00:00
59;113;10368;36;47;2020-04-12 21:00:00
60;110;10387;39;48;2020-04-12 21:00:00
61;110;10388;39;48;2020-04-12 21:00:00
62;110;10354;39;48;2020-04-12 21:00:00
63;111;10361;37;49;2020-04-12 21:00:00
64;114;10371;36;50;2020-04-12 21:00:00
65;112;10367;39;51;2020-04-12 21:00:00
66;108;10327;43;52;2020-04-12 21:00:00
67;110;10387;46;53;2020-04-12 21:00:00
68;110;10354;46;53;2020-04-12 21:00:00
69;110;10387;38;54;2020-04-12 21:00:00
70;110;10354;38;54;2020-04-12 21:00:00
71;110;10387;44;55;2020-04-12 21:00:00
72;110;10354;44;55;2020-04-12 21:00:00
73;114;10373;46;56;2020-04-12 21:00:00
74;113;10370;43;57;2020-04-12 21:00:00
75;112;10367;44;58;2020-04-12 21:00:00
76;113;10370;36;59;2020-04-12 21:00:00
77;113;10370;42;60;2020-04-12 21:00:00
78;113;10370;39;61;2020-04-12 21:00:00
79;112;10366;37;62;2020-04-12 21:00:00
80;112;10367;37;62;2020-04-12 21:00:00
81;112;10367;43;63;2020-04-12 21:00:00
82;112;10367;33;64;2020-04-12 21:00:00
83;112;10367;40;65;2020-04-12 21:00:00
84;112;10367;46;66;2020-04-12 21:00:00
85;108;10347;40;67;2020-04-12 21:00:00
86;108;10327;40;67;2020-04-12 21:00:00
87;108;10348;35;68;2020-04-12 21:00:00
88;108;10347;34;69;2020-04-12 21:00:00
89;108;10327;34;69;2020-04-12 21:00:00
90;108;10347;35;70;2020-04-12 21:00:00
91;108;10347;45;71;2020-04-12 21:00:00
92;112;10367;41;72;2020-04-12 21:00:00
93;112;10367;36;73;2020-04-12 21:00:00
94;112;10367;41;74;2020-04-12 21:00:00
95;112;10367;46;75;2020-04-12 21:00:00
96;112;10367;33;76;2020-04-12 21:00:00
97;112;10367;45;77;2020-04-12 21:00:00
98;113;10370;37;78;2020-04-12 21:00:00
99;108;10347;41;79;2020-04-12 21:00:00
100;110;10389;36;80;2020-04-12 21:00:00
101;108;10328;35;81;2020-04-12 21:00:00
102;112;10367;35;82;2020-04-12 21:00:00
103;108;10348;43;83;2020-04-12 21:00:00
104;112;10367;39;84;2020-04-12 21:00:00
105;108;10347;44;85;2020-04-12 21:00:00
106;113;10370;33;86;2020-04-12 21:00:00
107;113;10369;43;87;2020-04-12 21:00:00
108;112;10367;38;88;2020-04-12 21:00:00
109;114;10372;45;89;2020-04-12 21:00:00
110;111;10363;44;91;2020-04-12 21:00:00
111;113;10369;43;92;2020-04-12 21:00:00
112;110;10387;33;93;2020-04-12 21:00:00
113;110;10387;42;94;2020-04-12 21:00:00
114;110;10354;42;94;2020-04-12 21:00:00
115;112;10367;41;95;2020-04-12 21:00:00
116;111;10361;46;96;2020-04-12 21:00:00
117;111;10363;45;97;2020-04-12 21:00:00
118;108;10327;46;98;2020-04-12 21:00:00
119;114;10373;36;99;2020-04-12 21:00:00
120;111;10358;41;100;2020-04-12 21:00:00
121;111;10363;41;100;2020-04-12 21:00:00
122;111;10361;41;100;2020-04-12 21:00:00
123;111;10362;41;100;2020-04-12 21:00:00
124;111;10363;44;101;2020-04-12 21:00:00
125;111;10363;42;102;2020-04-12 21:00:00
126;111;10361;42;102;2020-04-12 21:00:00
127;112;10366;37;103;2020-04-12 21:00:00
128;112;10366;33;104;2020-04-12 21:00:00
129;112;10367;39;105;2020-04-12 21:00:00
130;112;10367;33;106;2020-04-12 21:00:00
131;111;10361;46;107;2020-04-12 21:00:00
132;111;10362;46;107;2020-04-12 21:00:00
133;114;10371;43;108;2020-04-12 21:00:00
134;111;10359;46;109;2020-04-12 21:00:00
135;113;10368;41;110;2020-04-12 21:00:00
136;112;10366;45;111;2020-04-12 21:00:00
137;112;10367;45;111;2020-04-12 21:00:00
138;110;10387;33;112;2020-04-12 21:00:00
139;110;10354;33;112;2020-04-12 21:00:00
140;110;10355;33;112;2020-04-12 21:00:00
141;111;10363;38;113;2020-04-12 21:00:00
142;111;10361;38;113;2020-04-12 21:00:00
143;114;10371;34;114;2020-04-12 21:00:00
144;111;10361;34;115;2020-04-12 21:00:00
145;111;10362;34;115;2020-04-12 21:00:00
146;111;10361;45;116;2020-04-12 21:00:00
147;111;10362;45;116;2020-04-12 21:00:00
148;114;10372;38;117;2020-04-12 21:00:00
149;113;10369;41;118;2020-04-12 21:00:00
150;114;10372;41;118;2020-04-12 21:00:00
151;114;10372;34;119;2020-04-12 21:00:00
152;114;10372;46;120;2020-04-12 21:00:00
153;114;10371;44;121;2020-04-12 21:00:00
154;110;10387;40;122;2020-04-12 21:00:00
155;110;10354;40;122;2020-04-12 21:00:00
156;110;10355;40;122;2020-04-12 21:00:00
157;110;10356;40;122;2020-04-12 21:00:00
158;113;10370;36;123;2020-04-12 21:00:00
159;110;10387;34;124;2020-04-12 21:00:00
160;110;10356;34;124;2020-04-12 21:00:00
161;112;10367;39;125;2020-04-12 21:00:00
162;111;10363;35;126;2020-04-12 21:00:00
163;111;10361;35;126;2020-04-12 21:00:00
164;111;10362;35;126;2020-04-12 21:00:00
165;111;10359;37;127;2020-04-12 21:00:00
166;114;10372;33;128;2020-04-12 21:00:00
167;113;10368;43;129;2020-04-12 21:00:00
168;113;10370;43;129;2020-04-12 21:00:00
169;114;10372;44;130;2020-04-12 21:00:00
170;108;10328;38;131;2020-04-12 21:00:00
171;114;10371;45;132;2020-04-12 21:00:00
172;112;10367;40;133;2020-04-12 21:00:00
173;114;10372;43;134;2020-04-12 21:00:00
174;110;10357;40;135;2020-04-12 21:00:00
175;112;10367;39;136;2020-04-12 21:00:00
176;111;10358;35;137;2020-04-12 21:00:00
177;108;10328;36;138;2020-04-12 21:00:00
178;108;10348;40;139;2020-04-12 21:00:00
179;114;10372;46;140;2020-04-12 21:00:00
180;114;10372;39;141;2020-04-12 21:00:00
181;113;10369;39;142;2020-04-12 21:00:00
182;111;10363;36;143;2020-04-12 21:00:00
183;110;10354;42;144;2020-04-12 21:00:00
184;108;10327;37;145;2020-04-12 21:00:00
185;108;10328;44;146;2020-04-12 21:00:00
186;111;10358;35;147;2020-04-12 21:00:00
187;111;10363;35;147;2020-04-12 21:00:00
188;111;10361;35;147;2020-04-12 21:00:00
189;111;10362;35;147;2020-04-12 21:00:00
190;114;10371;39;148;2020-04-12 21:00:00
191;114;10373;41;149;2020-04-12 21:00:00
192;108;10327;46;150;2020-04-12 21:00:00
193;111;10361;46;151;2020-04-12 21:00:00
194;113;10368;43;152;2020-04-12 21:00:00
195;114;10373;46;153;2020-04-12 21:00:00
196;111;10359;36;154;2020-04-12 21:00:00
197;110;10388;44;155;2020-04-12 21:00:00
198;113;10368;37;156;2020-04-12 21:00:00
199;108;10328;35;157;2020-04-12 21:00:00
200;110;10389;36;158;2020-04-12 21:00:00
201;113;10369;37;159;2020-04-12 21:00:00
202;113;10370;36;160;2020-04-12 21:00:00
203;112;10367;43;161;2020-04-12 21:00:00
204;113;10370;37;162;2020-04-12 21:00:00
205;114;10371;43;163;2020-04-12 21:00:00
206;111;10363;45;164;2020-04-12 21:00:00
207;112;10367;40;165;2020-04-12 21:00:00
208;110;10387;37;166;2020-04-12 21:00:00
209;110;10354;37;166;2020-04-12 21:00:00
210;110;10355;37;166;2020-04-12 21:00:00
211;108;10347;37;167;2020-04-12 21:00:00
212;108;10327;37;167;2020-04-12 21:00:00
213;114;10371;45;168;2020-04-12 21:00:00
214;112;10367;37;169;2020-04-12 21:00:00
215;112;10367;40;170;2020-04-12 21:00:00
216;111;10359;44;171;2020-04-12 21:00:00
217;113;10370;41;172;2020-04-12 21:00:00
218;111;10359;34;173;2020-04-12 21:00:00
219;113;10370;33;174;2020-04-12 21:00:00
220;112;10366;39;175;2020-04-12 21:00:00
221;114;10372;44;176;2020-04-12 21:00:00
222;114;10372;36;177;2020-04-12 21:00:00
223;110;10387;39;178;2020-04-12 21:00:00
224;110;10354;39;178;2020-04-12 21:00:00
225;108;10347;37;179;2020-04-12 21:00:00
226;110;10387;38;180;2020-04-12 21:00:00
227;110;10354;38;180;2020-04-12 21:00:00
228;108;10348;39;181;2020-04-12 21:00:00
229;111;10359;45;182;2020-04-12 21:00:00
230;111;10361;45;182;2020-04-12 21:00:00
231;111;10358;33;183;2020-04-12 21:00:00
232;110;10387;41;184;2020-04-12 21:00:00
233;110;10354;41;184;2020-04-12 21:00:00
234;110;10387;39;185;2020-04-12 21:00:00
235;110;10388;39;185;2020-04-12 21:00:00
236;110;10354;39;185;2020-04-12 21:00:00
237;111;10361;39;186;2020-04-12 21:00:00
238;111;10362;39;186;2020-04-12 21:00:00
239;113;10369;42;187;2020-04-12 21:00:00
240;108;10327;42;189;2020-04-12 21:00:00
241;113;10369;34;190;2020-04-12 21:00:00
242;114;10373;42;191;2020-04-12 21:00:00
243;114;10373;42;192;2020-04-12 21:00:00
244;113;10370;39;193;2020-04-12 21:00:00
245;110;10387;38;194;2020-04-12 21:00:00
246;110;10354;38;194;2020-04-12 21:00:00
247;110;10387;40;195;2020-04-12 21:00:00
248;110;10354;40;195;2020-04-12 21:00:00
249;110;10355;40;195;2020-04-12 21:00:00
250;110;10387;46;197;2020-04-12 21:00:00
251;110;10387;39;198;2020-04-12 21:00:00
252;110;10354;39;198;2020-04-12 21:00:00
253;114;10372;40;199;2020-04-12 21:00:00
254;110;10387;46;200;2020-04-12 21:00:00
255;110;10354;46;200;2020-04-12 21:00:00
256;110;10355;46;200;2020-04-12 21:00:00
257;110;10357;46;201;2020-04-12 21:00:00
258;110;10387;45;202;2020-04-12 21:00:00
259;110;10354;45;202;2020-04-12 21:00:00
260;112;10367;39;203;2020-04-12 21:00:00
261;110;10357;39;204;2020-04-12 21:00:00
262;110;10354;38;205;2020-04-12 21:00:00
263;110;10356;38;205;2020-04-12 21:00:00
264;110;10387;46;206;2020-04-12 21:00:00
265;109;10354;46;206;2020-04-12 21:00:00
266;112;10367;36;207;2020-04-12 21:00:00
267;112;10366;46;208;2020-04-12 21:00:00
268;110;10387;38;209;2020-04-12 21:00:00
269;110;10354;38;209;2020-04-12 21:00:00
270;110;10355;38;209;2020-04-12 21:00:00
271;109;10409;40;210;2020-04-12 21:00:00
272;108;10347;41;211;2020-04-12 21:00:00
273;108;10327;41;211;2020-04-12 21:00:00
274;111;10358;45;212;2020-04-12 21:00:00
275;111;10362;45;212;2020-04-12 21:00:00
276;108;10348;36;214;2020-04-12 21:00:00
277;113;10370;38;215;2020-04-12 21:00:00
278;111;10361;36;216;2020-04-12 21:00:00
279;110;10387;44;217;2020-04-12 21:00:00
280;110;10354;44;217;2020-04-12 21:00:00
281;110;10355;44;217;2020-04-12 21:00:00
282;112;10366;34;218;2020-04-12 21:00:00
283;110;10388;35;219;2020-04-12 21:00:00
284;114;10371;38;220;2020-04-12 21:00:00
285;111;10361;44;222;2020-04-12 21:00:00
286;111;10361;44;223;2020-04-12 21:00:00
287;111;10362;44;223;2020-04-12 21:00:00
288;111;10363;37;224;2020-04-12 21:00:00
289;108;10347;36;225;2020-04-12 21:00:00
290;110;10388;46;227;2020-04-12 21:00:00
291;110;10355;46;227;2020-04-12 21:00:00
292;110;10388;34;228;2020-04-12 21:00:00
293;110;10388;43;229;2020-04-12 21:00:00
294;110;10389;43;229;2020-04-12 21:00:00
295;110;10388;39;230;2020-04-12 21:00:00
296;110;10356;39;230;2020-04-12 21:00:00
297;110;10354;41;231;2020-04-12 21:00:00
298;113;10370;41;232;2020-04-12 21:00:00
299;112;10367;39;233;2020-04-12 21:00:00
300;114;10372;35;234;2020-04-12 21:00:00
301;110;10387;35;235;2020-04-12 21:00:00
302;111;10363;45;236;2020-04-12 21:00:00
303;111;10361;45;236;2020-04-12 21:00:00
304;111;10362;45;236;2020-04-12 21:00:00
305;110;10387;41;237;2020-04-12 21:00:00
306;110;10388;41;237;2020-04-12 21:00:00
307;110;10354;41;237;2020-04-12 21:00:00
308;110;10354;39;238;2020-04-12 21:00:00
309;110;10388;39;239;2020-04-12 21:00:00
310;114;10373;41;240;2020-04-12 21:00:00
311;114;10373;35;241;2020-04-12 21:00:00
312;114;10371;35;242;2020-04-12 21:00:00
313;108;10348;34;243;2020-04-12 21:00:00
314;108;10347;34;244;2020-04-12 21:00:00
315;108;10327;34;244;2020-04-12 21:00:00
316;110;10387;46;245;2020-04-12 21:00:00
317;110;10388;45;246;2020-04-12 21:00:00
318;110;10387;43;247;2020-04-12 21:00:00
319;110;10388;43;247;2020-04-12 21:00:00
320;110;10354;43;247;2020-04-12 21:00:00
321;108;10328;42;248;2020-04-12 21:00:00
322;112;10367;46;249;2020-04-12 21:00:00
323;112;10367;39;250;2020-04-12 21:00:00
324;112;10367;41;251;2020-04-12 21:00:00
325;112;10367;33;252;2020-04-12 21:00:00
326;110;10356;36;253;2020-04-12 21:00:00
327;110;10387;45;254;2020-04-12 21:00:00
328;110;10354;45;254;2020-04-12 21:00:00
329;110;10387;43;255;2020-04-12 21:00:00
330;110;10354;43;255;2020-04-12 21:00:00
331;114;10373;43;256;2020-04-12 21:00:00
332;110;10389;43;257;2020-04-12 21:00:00
333;110;10389;38;258;2020-04-12 21:00:00
334;111;10359;44;259;2020-04-12 21:00:00
335;111;10358;43;260;2020-04-12 21:00:00
336;111;10358;43;261;2020-04-12 21:00:00
337;111;10358;43;262;2020-04-12 21:00:00
338;111;10363;43;262;2020-04-12 21:00:00
339;113;10368;43;263;2020-04-12 21:00:00
340;110;10387;38;264;2020-04-12 21:00:00
341;110;10354;38;264;2020-04-12 21:00:00
342;110;10355;38;264;2020-04-12 21:00:00
343;111;10358;44;265;2020-04-12 21:00:00
344;110;10387;37;266;2020-04-12 21:00:00
345;110;10354;37;266;2020-04-12 21:00:00
346;111;10363;46;267;2020-04-12 21:00:00
347;110;10389;45;269;2020-04-12 21:00:00
348;111;10359;45;269;2020-04-12 21:00:00
349;111;10358;33;270;2020-04-12 21:00:00
350;110;10357;39;271;2020-04-12 21:00:00
351;113;10370;46;272;2020-04-12 21:00:00
352;111;10361;44;273;2020-04-12 21:00:00
353;111;10362;44;273;2020-04-12 21:00:00
354;111;10359;35;274;2020-04-12 21:00:00
355;111;10358;46;275;2020-04-12 21:00:00
356;110;10387;45;276;2020-04-12 21:00:00
357;110;10354;45;276;2020-04-12 21:00:00
358;110;10354;38;277;2020-04-12 21:00:00
359;110;10387;43;278;2020-04-12 21:00:00
360;110;10354;43;278;2020-04-12 21:00:00
361;108;10328;45;279;2020-04-12 21:00:00
362;110;10387;46;280;2020-04-12 21:00:00
363;110;10354;46;280;2020-04-12 21:00:00
364;110;10388;38;281;2020-04-12 21:00:00
365;110;10387;46;282;2020-04-12 21:00:00
366;110;10354;46;282;2020-04-12 21:00:00
367;111;10363;45;283;2020-04-12 21:00:00
368;113;10370;46;284;2020-04-12 21:00:00
369;113;10370;46;285;2020-04-12 21:00:00
370;111;10358;44;286;2020-04-12 21:00:00
371;111;10363;44;286;2020-04-12 21:00:00
372;111;10361;44;286;2020-04-12 21:00:00
373;111;10362;44;286;2020-04-12 21:00:00
374;110;10387;44;287;2020-04-12 21:00:00
375;110;10354;44;287;2020-04-12 21:00:00
376;113;10369;38;288;2020-04-12 21:00:00
377;110;10387;44;289;2020-04-12 21:00:00
378;110;10354;44;289;2020-04-12 21:00:00
379;110;10355;44;289;2020-04-12 21:00:00
380;110;10387;39;290;2020-04-12 21:00:00
381;110;10354;39;290;2020-04-12 21:00:00
382;109;10408;34;291;2020-04-12 21:00:00
383;110;10387;39;292;2020-04-12 21:00:00
384;110;10354;39;292;2020-04-12 21:00:00
385;110;10387;39;293;2020-04-12 21:00:00
386;110;10354;39;293;2020-04-12 21:00:00
387;110;10354;41;294;2020-04-12 21:00:00
388;110;10387;38;296;2020-04-12 21:00:00
389;110;10354;38;296;2020-04-12 21:00:00
390;110;10389;44;297;2020-04-12 21:00:00
391;110;10357;44;297;2020-04-12 21:00:00
392;114;10373;42;298;2020-04-12 21:00:00
393;110;10387;44;299;2020-04-12 21:00:00
394;110;10354;44;299;2020-04-12 21:00:00
395;110;10387;37;300;2020-04-12 21:00:00
396;110;10354;37;300;2020-04-12 21:00:00
397;110;10357;37;300;2020-04-12 21:00:00
398;110;10356;39;301;2020-04-12 21:00:00
399;110;10387;42;302;2020-04-12 21:00:00
400;110;10354;42;302;2020-04-12 21:00:00
401;110;10387;37;303;2020-04-12 21:00:00
402;110;10354;37;303;2020-04-12 21:00:00
403;114;10373;46;304;2020-04-12 21:00:00
404;110;10387;44;305;2020-04-12 21:00:00
405;110;10354;44;305;2020-04-12 21:00:00
406;110;10387;40;306;2020-04-12 21:00:00
407;110;10388;40;306;2020-04-12 21:00:00
408;110;10354;40;306;2020-04-12 21:00:00
409;110;10354;39;307;2020-04-12 21:00:00
410;110;10387;39;308;2020-04-12 21:00:00
411;110;10354;39;308;2020-04-12 21:00:00
412;110;10387;46;309;2020-04-12 21:00:00
413;110;10354;46;309;2020-04-12 21:00:00
414;111;10358;33;310;2020-04-12 21:00:00
415;108;10348;33;311;2020-04-12 21:00:00
416;110;10389;39;312;2020-04-12 21:00:00
417;110;10357;35;313;2020-04-12 21:00:00
418;113;10368;37;314;2020-04-12 21:00:00
419;108;10327;44;315;2020-04-12 21:00:00
420;113;10370;38;316;2020-04-12 21:00:00
421;114;10372;44;317;2020-04-12 21:00:00
422;113;10369;44;318;2020-04-12 21:00:00
423;113;10368;43;319;2020-04-12 21:00:00
424;114;10372;33;320;2020-04-12 21:00:00
425;108;10328;44;321;2020-04-12 21:00:00
426;113;10369;43;322;2020-04-12 21:00:00
427;113;10368;44;323;2020-04-12 21:00:00
428;113;10368;43;324;2020-04-12 21:00:00
429;113;10370;44;325;2020-04-12 21:00:00
430;113;10368;45;326;2020-04-12 21:00:00
431;113;10368;45;327;2020-04-12 21:00:00
432;108;10347;38;328;2020-04-12 21:00:00
433;108;10327;38;328;2020-04-12 21:00:00
434;110;10388;43;329;2020-04-12 21:00:00
435;110;10354;43;329;2020-04-12 21:00:00
436;113;10368;41;331;2020-04-12 21:00:00
437;113;10368;46;332;2020-04-12 21:00:00
438;113;10369;43;333;2020-04-12 21:00:00
439;113;10370;44;334;2020-04-12 21:00:00
440;111;10361;38;335;2020-04-12 21:00:00
441;111;10362;38;335;2020-04-12 21:00:00
442;113;10370;43;336;2020-04-12 21:00:00
443;111;10362;34;337;2020-04-12 21:00:00
444;113;10370;43;338;2020-04-12 21:00:00
445;110;10387;33;339;2020-04-12 21:00:00
446;110;10354;33;339;2020-04-12 21:00:00
447;113;10368;45;340;2020-04-12 21:00:00
448;110;10388;36;341;2020-04-12 21:00:00
449;114;10372;37;342;2020-04-12 21:00:00
450;114;10373;37;342;2020-04-12 21:00:00
451;112;10367;37;343;2020-04-12 21:00:00
452;108;10347;43;344;2020-04-12 21:00:00
453;108;10347;43;345;2020-04-12 21:00:00
454;109;10409;43;346;2020-04-12 21:00:00
455;108;10327;43;347;2020-04-12 21:00:00
456;108;10347;37;348;2020-04-12 21:00:00
457;108;10327;41;349;2020-04-12 21:00:00
458;112;10367;43;350;2020-04-12 21:00:00
459;108;10328;37;351;2020-04-12 21:00:00
460;109;10409;41;352;2020-04-12 21:00:00
461;110;10357;43;353;2020-04-12 21:00:00
462;110;10389;36;354;2020-04-12 21:00:00
463;114;10372;36;355;2020-04-12 21:00:00
464;109;10409;40;356;2020-04-12 21:00:00
465;114;10372;39;357;2020-04-12 21:00:00
466;114;10372;44;358;2020-04-12 21:00:00
467;114;10372;40;359;2020-04-12 21:00:00
468;114;10373;39;360;2020-04-12 21:00:00
469;114;10371;45;361;2020-04-12 21:00:00
470;110;10355;37;362;2020-04-12 21:00:00
471;111;10363;44;363;2020-04-12 21:00:00
472;108;10328;34;364;2020-04-12 21:00:00
473;109;10409;34;365;2020-04-12 21:00:00
474;109;10409;33;366;2020-04-12 21:00:00
475;109;10409;35;367;2020-04-12 21:00:00
476;112;10367;43;368;2020-04-12 21:00:00
477;114;10373;46;369;2020-04-12 21:00:00
478;114;10372;44;370;2020-04-12 21:00:00
479;114;10373;44;370;2020-04-12 21:00:00
480;114;10373;36;371;2020-04-12 21:00:00
481;108;10327;35;372;2020-04-12 21:00:00
482;109;10408;46;373;2020-04-12 21:00:00
483;111;10361;44;374;2020-04-12 21:00:00
484;111;10361;39;375;2020-04-12 21:00:00
485;111;10362;39;375;2020-04-12 21:00:00
486;111;10361;43;376;2020-04-12 21:00:00
487;111;10361;35;377;2020-04-12 21:00:00
488;111;10362;35;377;2020-04-12 21:00:00
489;111;10361;43;378;2020-04-12 21:00:00
490;111;10362;43;378;2020-04-12 21:00:00
491;111;10358;43;379;2020-04-12 21:00:00
492;111;10361;43;379;2020-04-12 21:00:00
493;111;10362;43;379;2020-04-12 21:00:00
494;108;10348;39;380;2020-04-12 21:00:00
495;108;10348;46;381;2020-04-12 21:00:00
496;111;10363;42;382;2020-04-12 21:00:00
497;108;10327;46;383;2020-04-12 21:00:00
498;112;10366;36;384;2020-04-12 21:00:00
499;112;10367;36;384;2020-04-12 21:00:00
500;110;10354;35;385;2020-04-12 21:00:00
501;110;10357;35;385;2020-04-12 21:00:00
502;108;10347;36;386;2020-04-12 21:00:00
503;110;10387;44;387;2020-04-12 21:00:00
504;110;10354;44;387;2020-04-12 21:00:00
505;109;10409;38;389;2020-04-12 21:00:00
506;109;10410;38;389;2020-04-12 21:00:00
507;109;10407;38;389;2020-04-12 21:00:00
508;110;10388;38;390;2020-04-12 21:00:00
509;110;10355;44;391;2020-04-12 21:00:00
510;110;10387;43;392;2020-04-12 21:00:00
511;110;10354;43;392;2020-04-12 21:00:00
512;110;10387;44;393;2020-04-12 21:00:00
513;110;10354;44;393;2020-04-12 21:00:00
514;110;10357;44;393;2020-04-12 21:00:00
515;110;10387;44;394;2020-04-12 21:00:00
516;110;10388;44;394;2020-04-12 21:00:00
517;110;10354;44;394;2020-04-12 21:00:00
518;110;10355;44;394;2020-04-12 21:00:00
519;110;10387;44;395;2020-04-12 21:00:00
520;110;10354;44;395;2020-04-12 21:00:00
521;111;10361;34;396;2020-04-12 21:00:00
522;110;10389;39;397;2020-04-12 21:00:00
523;110;10357;39;397;2020-04-12 21:00:00
524;113;10370;43;398;2020-04-12 21:00:00
525;113;10369;44;399;2020-04-12 21:00:00
526;113;10368;43;400;2020-04-12 21:00:00
527;110;10387;45;401;2020-04-12 21:00:00
528;110;10354;45;401;2020-04-12 21:00:00
529;112;10367;36;402;2020-04-12 21:00:00
530;110;10387;43;403;2020-04-12 21:00:00
531;110;10354;43;403;2020-04-12 21:00:00
532;110;10355;42;404;2020-04-12 21:00:00
533;110;10387;44;405;2020-04-12 21:00:00
534;110;10354;44;405;2020-04-12 21:00:00
535;113;10370;41;406;2020-04-12 21:00:00
536;108;10347;43;407;2020-04-12 21:00:00
537;108;10327;43;407;2020-04-12 21:00:00
538;110;10387;38;408;2020-04-12 21:00:00
539;110;10354;38;408;2020-04-12 21:00:00
540;110;10356;38;408;2020-04-12 21:00:00
541;112;10367;36;409;2020-04-12 21:00:00
542;110;10388;43;410;2020-04-12 21:00:00
543;113;10370;45;411;2020-04-12 21:00:00
544;110;10354;45;412;2020-04-12 21:00:00
545;110;10389;39;413;2020-04-12 21:00:00
546;111;10361;45;414;2020-04-12 21:00:00
547;111;10362;45;414;2020-04-12 21:00:00
548;111;10361;39;415;2020-04-12 21:00:00
549;111;10362;39;415;2020-04-12 21:00:00
550;114;10373;43;416;2020-04-12 21:00:00
551;110;10388;43;417;2020-04-12 21:00:00
552;111;10361;44;418;2020-04-12 21:00:00
553;111;10362;44;418;2020-04-12 21:00:00
554;111;10358;35;419;2020-04-12 21:00:00
555;111;10359;35;419;2020-04-12 21:00:00
556;111;10363;35;419;2020-04-12 21:00:00
557;111;10361;35;419;2020-04-12 21:00:00
558;111;10362;35;419;2020-04-12 21:00:00
559;110;10357;38;420;2020-04-12 21:00:00
560;110;10357;35;420;2020-04-12 21:00:00
561;110;10388;43;421;2020-04-12 21:00:00
562;110;10355;43;421;2020-04-12 21:00:00
563;110;10356;43;421;2020-04-12 21:00:00
564;110;10387;45;422;2020-04-12 21:00:00
565;110;10354;45;422;2020-04-12 21:00:00
566;108;10328;41;423;2020-04-12 21:00:00
567;112;10366;42;424;2020-04-12 21:00:00
568;110;10389;43;425;2020-04-12 21:00:00
569;113;10370;46;426;2020-04-12 21:00:00
570;113;10370;35;427;2020-04-12 21:00:00
571;110;10387;43;428;2020-04-12 21:00:00
572;110;10354;43;428;2020-04-12 21:00:00
573;112;10367;42;429;2020-04-12 21:00:00
574;110;10389;46;430;2020-04-12 21:00:00
575;113;10369;39;431;2020-04-12 21:00:00
576;110;10387;44;432;2020-04-12 21:00:00
577;110;10354;44;432;2020-04-12 21:00:00
578;110;10355;44;432;2020-04-12 21:00:00
579;110;10357;44;432;2020-04-12 21:00:00
580;108;10328;46;433;2020-04-12 21:00:00
581;110;10388;35;434;2020-04-12 21:00:00
582;108;10328;43;435;2020-04-12 21:00:00
583;110;10354;41;436;2020-04-12 21:00:00
584;108;10348;35;437;2020-04-12 21:00:00
585;108;10347;35;437;2020-04-12 21:00:00
586;108;10328;35;437;2020-04-12 21:00:00
587;108;10327;35;437;2020-04-12 21:00:00
588;114;10372;40;438;2020-04-12 21:00:00
589;114;10373;40;438;2020-04-12 21:00:00
590;114;10372;40;439;2020-04-12 21:00:00
591;110;10357;36;440;2020-04-12 21:00:00
592;110;10389;36;441;2020-04-12 21:00:00
593;113;10370;37;442;2020-04-12 21:00:00
594;113;10370;36;443;2020-04-12 21:00:00
595;111;10362;46;444;2020-04-12 21:00:00
596;112;10366;38;445;2020-04-12 21:00:00
597;112;10366;45;446;2020-04-12 21:00:00
598;114;10371;41;447;2020-04-12 21:00:00
599;111;10363;44;448;2020-04-12 21:00:00
600;111;10359;44;449;2020-04-12 21:00:00
601;109;10409;43;450;2020-04-12 21:00:00
602;110;10357;43;450;2020-04-12 21:00:00
603;109;10409;36;451;2020-04-12 21:00:00
604;114;10373;43;453;2020-04-12 21:00:00
605;110;10357;44;454;2020-04-12 21:00:00
606;114;10372;35;455;2020-04-12 21:00:00
607;108;10328;39;456;2020-04-12 21:00:00
608;110;10356;35;457;2020-04-12 21:00:00
609;108;10348;35;458;2020-04-12 21:00:00
610;109;10409;35;459;2020-04-12 21:00:00
611;109;10409;45;460;2020-04-12 21:00:00
612;110;10354;41;461;2020-04-12 21:00:00
613;110;10387;35;462;2020-04-12 21:00:00
614;110;10354;35;462;2020-04-12 21:00:00
615;110;10387;42;463;2020-04-12 21:00:00
616;110;10354;42;463;2020-04-12 21:00:00
617;114;10373;36;464;2020-04-12 21:00:00
618;109;10409;33;465;2020-04-12 21:00:00
619;110;10388;40;466;2020-04-12 21:00:00
620;110;10387;36;467;2020-04-12 21:00:00
621;113;10370;38;468;2020-04-12 21:00:00
622;112;10367;34;469;2020-04-12 21:00:00
623;113;10370;43;470;2020-04-12 21:00:00
624;108;10327;38;471;2020-04-12 21:00:00
625;112;10367;36;472;2020-04-12 21:00:00
626;110;10387;38;473;2020-04-12 21:00:00
627;110;10354;38;473;2020-04-12 21:00:00
628;108;10348;33;474;2020-04-12 21:00:00
629;113;10368;36;475;2020-04-12 21:00:00
630;114;10372;45;477;2020-04-12 21:00:00
631;114;10372;39;478;2020-04-12 21:00:00
632;111;10363;37;479;2020-04-12 21:00:00
633;111;10361;37;479;2020-04-12 21:00:00
634;111;10362;37;479;2020-04-12 21:00:00
635;110;10387;35;480;2020-04-12 21:00:00
636;110;10354;35;480;2020-04-12 21:00:00
637;114;10373;39;481;2020-04-12 21:00:00
638;114;10373;44;482;2020-04-12 21:00:00
639;114;10372;46;483;2020-04-12 21:00:00
640;114;10373;46;483;2020-04-12 21:00:00
641;112;10367;39;484;2020-04-12 21:00:00
642;112;10367;41;485;2020-04-12 21:00:00
643;112;10367;34;486;2020-04-12 21:00:00
644;112;10367;36;487;2020-04-12 21:00:00
645;112;10367;39;488;2020-04-12 21:00:00
646;112;10366;39;489;2020-04-12 21:00:00
647;112;10367;39;489;2020-04-12 21:00:00
648;114;10372;36;490;2020-04-12 21:00:00
649;114;10372;39;491;2020-04-12 21:00:00
650;114;10372;44;492;2020-04-12 21:00:00
651;111;10359;38;493;2020-04-12 21:00:00
652;110;10388;36;494;2020-04-12 21:00:00
653;110;10355;36;494;2020-04-12 21:00:00
654;111;10359;37;495;2020-04-12 21:00:00
655;111;10359;39;496;2020-04-12 21:00:00
656;110;10387;33;497;2020-04-12 21:00:00
657;110;10354;33;497;2020-04-12 21:00:00
658;111;10363;37;498;2020-04-12 21:00:00
659;111;10361;37;498;2020-04-12 21:00:00
660;111;10362;37;498;2020-04-12 21:00:00
661;111;10361;34;499;2020-04-12 21:00:00
662;111;10362;34;499;2020-04-12 21:00:00
663;112;10367;33;500;2020-04-12 21:00:00
664;111;10359;34;501;2020-04-12 21:00:00
665;111;10359;33;502;2020-04-12 21:00:00
666;111;10363;33;502;2020-04-12 21:00:00
667;111;10361;33;502;2020-04-12 21:00:00
668;111;10362;33;502;2020-04-12 21:00:00
669;109;10410;44;503;2020-04-12 21:00:00
670;108;10347;37;504;2020-04-12 21:00:00
671;113;10370;46;505;2020-04-12 21:00:00
672;113;10370;41;506;2020-04-12 21:00:00
673;113;10370;37;507;2020-04-12 21:00:00
674;113;10370;41;508;2020-04-12 21:00:00
675;113;10370;41;508;2020-04-12 21:00:00
676;113;10370;33;509;2020-04-12 21:00:00
677;113;10369;40;510;2020-04-12 21:00:00
678;113;10370;38;511;2020-04-12 21:00:00
679;114;10371;45;512;2020-04-12 21:00:00
680;110;10354;36;513;2020-04-12 21:00:00
681;111;10363;44;514;2020-04-12 21:00:00
682;111;10361;44;514;2020-04-12 21:00:00
683;114;10373;44;515;2020-04-12 21:00:00
684;114;10373;34;516;2020-04-12 21:00:00
685;110;10387;38;517;2020-04-12 21:00:00
686;110;10388;38;517;2020-04-12 21:00:00
687;110;10354;38;517;2020-04-12 21:00:00
688;108;10327;42;518;2020-04-12 21:00:00
689;113;10370;37;519;2020-04-12 21:00:00
690;113;10370;43;520;2020-04-12 21:00:00
691;113;10370;36;521;2020-04-12 21:00:00
692;108;10347;38;522;2020-04-12 21:00:00
693;111;10358;33;523;2020-04-12 21:00:00
694;111;10363;33;523;2020-04-12 21:00:00
695;111;10362;33;523;2020-04-12 21:00:00
696;110;10388;36;524;2020-04-12 21:00:00
697;110;10355;36;524;2020-04-12 21:00:00
698;108;10328;38;526;2020-04-12 21:00:00
699;108;10347;38;527;2020-04-12 21:00:00
700;108;10347;37;528;2020-04-12 21:00:00
701;113;10370;38;529;2020-04-12 21:00:00
702;108;10347;46;530;2020-04-12 21:00:00
703;111;10358;33;531;2020-04-12 21:00:00
704;110;10387;43;532;2020-04-12 21:00:00
705;110;10354;43;532;2020-04-12 21:00:00
706;112;10367;36;533;2020-04-12 21:00:00
707;110;10387;45;534;2020-04-12 21:00:00
708;110;10354;45;534;2020-04-12 21:00:00
709;110;10387;41;535;2020-04-12 21:00:00
710;110;10354;41;535;2020-04-12 21:00:00
711;114;10373;45;536;2020-04-12 21:00:00
712;110;10387;40;537;2020-04-12 21:00:00
713;110;10354;40;537;2020-04-12 21:00:00
714;110;10387;38;538;2020-04-12 21:00:00
715;110;10354;38;538;2020-04-12 21:00:00
716;110;10355;38;538;2020-04-12 21:00:00
717;110;10355;38;538;2020-04-12 21:00:00
718;113;10369;46;539;2020-04-12 21:00:00
719;110;10357;36;540;2020-04-12 21:00:00
720;108;10347;41;541;2020-04-12 21:00:00
721;111;10363;39;542;2020-04-12 21:00:00
722;112;10366;37;543;2020-04-12 21:00:00
723;108;10347;36;544;2020-04-12 21:00:00
724;108;10327;36;544;2020-04-12 21:00:00
725;111;10363;41;545;2020-04-12 21:00:00
726;111;10358;35;546;2020-04-12 21:00:00
727;111;10363;35;546;2020-04-12 21:00:00
728;111;10361;44;547;2020-04-12 21:00:00
729;111;10361;43;548;2020-04-12 21:00:00
730;113;10369;45;549;2020-04-12 21:00:00
731;108;10328;43;550;2020-04-12 21:00:00
732;111;10361;40;551;2020-04-12 21:00:00
733;111;10361;40;553;2020-04-12 21:00:00
734;111;10361;40;555;2020-04-12 21:00:00
735;111;10362;40;555;2020-04-12 21:00:00
736;111;10361;40;556;2020-04-12 21:00:00
737;111;10361;40;557;2020-04-12 21:00:00
738;111;10362;40;558;2020-04-12 21:00:00
739;111;10363;40;559;2020-04-12 21:00:00
740;108;10328;42;560;2020-04-12 21:00:00
741;110;10387;46;561;2020-04-12 21:00:00
742;110;10354;46;561;2020-04-12 21:00:00
743;108;10348;40;562;2020-04-12 21:00:00
744;111;10361;45;563;2020-04-12 21:00:00
745;111;10362;45;563;2020-04-12 21:00:00
746;111;10361;45;564;2020-04-12 21:00:00
747;108;10347;40;565;2020-04-12 21:00:00
748;112;10367;40;566;2020-04-12 21:00:00
749;112;10366;43;567;2020-04-12 21:00:00
750;112;10367;43;567;2020-04-12 21:00:00
751;108;10347;38;568;2020-04-12 21:00:00
752;110;10387;33;569;2020-04-12 21:00:00
753;110;10354;33;569;2020-04-12 21:00:00
754;110;10357;33;569;2020-04-12 21:00:00
755;110;10387;44;570;2020-04-12 21:00:00
756;110;10354;44;570;2020-04-12 21:00:00
757;110;10354;43;571;2020-04-12 21:00:00
758;111;10359;37;572;2020-04-12 21:00:00
759;113;10368;46;573;2020-04-12 21:00:00
760;113;10368;43;574;2020-04-12 21:00:00
761;113;10370;43;574;2020-04-12 21:00:00
762;111;10358;39;575;2020-04-12 21:00:00
763;111;10363;39;575;2020-04-12 21:00:00
764;111;10362;39;575;2020-04-12 21:00:00
765;112;10366;43;576;2020-04-12 21:00:00
766;111;10363;35;578;2020-04-12 21:00:00
767;111;10361;35;578;2020-04-12 21:00:00
768;111;10362;35;578;2020-04-12 21:00:00
769;112;10366;35;578;2020-04-12 21:00:00
770;112;10367;35;578;2020-04-12 21:00:00
771;113;10368;42;579;2020-04-12 21:00:00
772;111;10359;35;580;2020-04-12 21:00:00
773;111;10359;35;581;2020-04-12 21:00:00
774;113;10370;34;582;2020-04-12 21:00:00
775;111;10358;38;583;2020-04-12 21:00:00
776;111;10362;38;583;2020-04-12 21:00:00
777;111;10358;35;584;2020-04-12 21:00:00
778;113;10370;42;585;2020-04-12 21:00:00
779;108;10348;37;586;2020-04-12 21:00:00
780;108;10328;37;586;2020-04-12 21:00:00
781;114;10373;46;587;2020-04-12 21:00:00
782;113;10369;39;588;2020-04-12 21:00:00
783;114;10373;42;589;2020-04-12 21:00:00
784;114;10373;45;590;2020-04-12 21:00:00
785;111;10361;37;591;2020-04-12 21:00:00
786;111;10361;40;592;2020-04-12 21:00:00
787;110;10387;45;593;2020-04-12 21:00:00
788;110;10354;45;593;2020-04-12 21:00:00
789;110;10357;35;594;2020-04-12 21:00:00
790;113;10370;36;595;2020-04-12 21:00:00
791;113;10370;46;596;2020-04-12 21:00:00
792;110;10388;44;597;2020-04-12 21:00:00
793;110;10354;44;597;2020-04-12 21:00:00
794;111;10361;35;598;2020-04-12 21:00:00
795;111;10362;35;598;2020-04-12 21:00:00
796;111;10361;36;599;2020-04-12 21:00:00
797;111;10362;36;599;2020-04-12 21:00:00
798;111;10359;42;600;2020-04-12 21:00:00
799;111;10361;37;601;2020-04-12 21:00:00
800;112;10366;45;602;2020-04-12 21:00:00
801;114;10372;43;603;2020-04-12 21:00:00
802;111;10363;38;604;2020-04-12 21:00:00
803;114;10372;39;605;2020-04-12 21:00:00
804;114;10372;46;606;2020-04-12 21:00:00
805;112;10366;46;607;2020-04-12 21:00:00
806;112;10366;40;608;2020-04-12 21:00:00
807;112;10367;40;608;2020-04-12 21:00:00
808;112;10367;41;609;2020-04-12 21:00:00
809;113;10369;44;610;2020-04-12 21:00:00
810;113;10369;42;610;2020-04-12 21:00:00
811;114;10372;45;612;2020-04-12 21:00:00
812;108;10328;44;613;2020-04-12 21:00:00
813;108;10348;45;614;2020-04-12 21:00:00
814;108;10328;45;614;2020-04-12 21:00:00
815;113;10369;45;615;2020-04-12 21:00:00
816;111;10358;45;616;2020-04-12 21:00:00
817;108;10328;44;617;2020-04-12 21:00:00
818;114;10372;45;618;2020-04-12 21:00:00
819;114;10372;40;619;2020-04-12 21:00:00
820;114;10373;40;619;2020-04-12 21:00:00
821;110;10387;40;620;2020-04-12 21:00:00
822;110;10354;40;620;2020-04-12 21:00:00
823;108;10328;42;621;2020-04-12 21:00:00
824;111;10359;42;622;2020-04-12 21:00:00
825;112;10367;42;623;2020-04-12 21:00:00
826;111;10361;34;625;2020-04-12 21:00:00
827;111;10362;34;625;2020-04-12 21:00:00
828;113;10369;45;626;2020-04-12 21:00:00
829;111;10363;44;627;2020-04-12 21:00:00
830;113;10370;46;628;2020-04-12 21:00:00
831;113;10370;40;629;2020-04-12 21:00:00
832;108;10347;40;630;2020-04-12 21:00:00
833;108;10327;40;630;2020-04-12 21:00:00
834;112;10366;39;631;2020-04-12 21:00:00
835;111;10358;33;632;2020-04-12 21:00:00
836;111;10363;33;632;2020-04-12 21:00:00
837;111;10361;33;632;2020-04-12 21:00:00
838;111;10362;33;632;2020-04-12 21:00:00
839;108;10348;40;633;2020-04-12 21:00:00
840;113;10368;36;634;2020-04-12 21:00:00
841;111;10359;37;635;2020-04-12 21:00:00
842;112;10366;40;636;2020-04-12 21:00:00
843;108;10328;40;637;2020-04-12 21:00:00
844;110;10354;39;638;2020-04-12 21:00:00
845;110;10357;39;638;2020-04-12 21:00:00
846;111;10361;44;639;2020-04-12 21:00:00
847;111;10362;44;639;2020-04-12 21:00:00
848;108;10348;43;640;2020-04-12 21:00:00
849;112;10366;40;641;2020-04-12 21:00:00
850;108;10347;33;642;2020-04-12 21:00:00
851;114;10372;37;643;2020-04-12 21:00:00
852;111;10361;46;644;2020-04-12 21:00:00
853;111;10358;36;645;2020-04-12 21:00:00
854;111;10359;36;645;2020-04-12 21:00:00
855;111;10363;36;645;2020-04-12 21:00:00
856;111;10361;36;645;2020-04-12 21:00:00
857;111;10362;36;645;2020-04-12 21:00:00
858;108;10328;36;646;2020-04-12 21:00:00
859;112;10367;44;647;2020-04-12 21:00:00
860;112;10367;40;648;2020-04-12 21:00:00
861;113;10370;43;649;2020-04-12 21:00:00
862;111;10361;33;650;2020-04-12 21:00:00
863;111;10362;33;650;2020-04-12 21:00:00
864;110;10387;37;652;2020-04-12 21:00:00
865;110;10354;37;652;2020-04-12 21:00:00
866;114;10372;36;653;2020-04-12 21:00:00
867;108;10347;41;654;2020-04-12 21:00:00
868;113;10369;41;655;2020-04-12 21:00:00
869;114;10372;34;656;2020-04-12 21:00:00
870;111;10362;34;657;2020-04-12 21:00:00
871;111;10361;34;659;2020-04-12 21:00:00
872;111;10361;34;659;2020-04-12 21:00:00
873;111;10362;34;659;2020-04-12 21:00:00
874;111;10362;34;659;2020-04-12 21:00:00
875;111;10361;46;660;2020-04-12 21:00:00
876;111;10362;46;660;2020-04-12 21:00:00
877;111;10361;34;661;2020-04-12 21:00:00
878;111;10362;34;661;2020-04-12 21:00:00
879;108;10347;38;662;2020-04-12 21:00:00
880;108;10327;38;662;2020-04-12 21:00:00
881;114;10372;45;663;2020-04-12 21:00:00
882;111;10363;33;664;2020-04-12 21:00:00
883;111;10361;33;664;2020-04-12 21:00:00
884;111;10362;33;664;2020-04-12 21:00:00
885;111;10361;35;665;2020-04-12 21:00:00
886;111;10362;35;665;2020-04-12 21:00:00
887;114;10372;39;666;2020-04-12 21:00:00
888;113;10369;36;667;2020-04-12 21:00:00
889;111;10361;46;668;2020-04-12 21:00:00
890;111;10358;33;669;2020-04-12 21:00:00
891;111;10361;33;669;2020-04-12 21:00:00
892;111;10362;33;669;2020-04-12 21:00:00
893;114;10373;34;670;2020-04-12 21:00:00
894;114;10372;35;671;2020-04-12 21:00:00
895;111;10361;39;672;2020-04-12 21:00:00
896;111;10362;39;672;2020-04-12 21:00:00
897;110;10389;35;673;2020-04-12 21:00:00
898;114;10372;41;674;2020-04-12 21:00:00
899;111;10359;35;675;2020-04-12 21:00:00
900;111;10363;41;676;2020-04-12 21:00:00
901;112;10367;37;677;2020-04-12 21:00:00
902;112;10367;37;678;2020-04-12 21:00:00
903;110;10354;37;679;2020-04-12 21:00:00
904;114;10371;37;680;2020-04-12 21:00:00
905;111;10359;34;681;2020-04-12 21:00:00
906;114;10372;39;683;2020-04-12 21:00:00
907;114;10372;39;683;2020-04-12 21:00:00
908;113;10369;37;684;2020-04-12 21:00:00
909;111;10363;43;685;2020-04-12 21:00:00
910;111;10358;39;686;2020-04-12 21:00:00
911;111;10363;39;686;2020-04-12 21:00:00
912;111;10361;39;686;2020-04-12 21:00:00
913;111;10362;39;686;2020-04-12 21:00:00
914;111;10359;36;687;2020-04-12 21:00:00
915;111;10359;43;688;2020-04-12 21:00:00
916;111;10358;34;689;2020-04-12 21:00:00
917;111;10358;42;690;2020-04-12 21:00:00
918;111;10363;42;690;2020-04-12 21:00:00
919;111;10361;42;690;2020-04-12 21:00:00
920;111;10362;42;690;2020-04-12 21:00:00
921;113;10370;40;691;2020-04-12 21:00:00
922;111;10361;34;692;2020-04-12 21:00:00
923;111;10362;34;692;2020-04-12 21:00:00
924;111;10358;37;693;2020-04-12 21:00:00
925;111;10361;37;693;2020-04-12 21:00:00
926;111;10362;37;693;2020-04-12 21:00:00
927;111;10359;34;694;2020-04-12 21:00:00
928;113;10368;46;695;2020-04-12 21:00:00
929;113;10368;39;696;2020-04-12 21:00:00
930;111;10359;36;697;2020-04-12 21:00:00
931;113;10369;36;698;2020-04-12 21:00:00
932;111;10358;37;699;2020-04-12 21:00:00
933;111;10362;37;699;2020-04-12 21:00:00
934;110;10387;39;700;2020-04-12 21:00:00
935;110;10354;39;700;2020-04-12 21:00:00
936;110;10355;39;700;2020-04-12 21:00:00
937;110;10387;43;701;2020-04-12 21:00:00
938;110;10354;43;701;2020-04-12 21:00:00
939;110;10357;42;702;2020-04-12 21:00:00
940;110;10387;33;703;2020-04-12 21:00:00
941;110;10354;33;703;2020-04-12 21:00:00
942;111;10361;45;704;2020-04-12 21:00:00
943;111;10362;45;704;2020-04-12 21:00:00
944;110;10357;40;705;2020-04-12 21:00:00
945;108;10348;39;706;2020-04-12 21:00:00
946;109;10409;45;708;2020-04-12 21:00:00
947;112;10366;45;708;2020-04-12 21:00:00
948;114;10372;37;709;2020-04-12 21:00:00
949;114;10372;40;710;2020-04-12 21:00:00
950;111;10361;37;711;2020-04-12 21:00:00
951;111;10362;37;711;2020-04-12 21:00:00
952;114;10372;39;712;2020-04-12 21:00:00
953;114;10373;39;712;2020-04-12 21:00:00
954;108;10347;37;713;2020-04-12 21:00:00
955;108;10327;37;713;2020-04-12 21:00:00
956;114;10372;46;714;2020-04-12 21:00:00
957;111;10358;35;715;2020-04-12 21:00:00
958;111;10363;35;715;2020-04-12 21:00:00
959;111;10361;35;715;2020-04-12 21:00:00
960;111;10362;35;715;2020-04-12 21:00:00
961;110;10389;36;716;2020-04-12 21:00:00
962;112;10366;45;717;2020-04-12 21:00:00
963;108;10348;43;718;2020-04-12 21:00:00
964;108;10347;43;718;2020-04-12 21:00:00
965;108;10328;43;718;2020-04-12 21:00:00
966;108;10327;43;718;2020-04-12 21:00:00
967;113;10369;36;719;2020-04-12 21:00:00
968;109;10409;46;720;2020-04-12 21:00:00
969;114;10371;46;721;2020-04-12 21:00:00
970;111;10358;35;722;2020-04-12 21:00:00
971;110;10387;40;723;2020-04-12 21:00:00
972;110;10354;40;723;2020-04-12 21:00:00
973;108;10348;40;724;2020-04-12 21:00:00
974;113;10370;35;725;2020-04-12 21:00:00
975;111;10358;34;726;2020-04-12 21:00:00
976;114;10371;36;727;2020-04-12 21:00:00
977;113;10368;46;728;2020-04-12 21:00:00
978;110;10356;37;730;2020-04-12 21:00:00
979;110;10354;40;731;2020-04-12 21:00:00
980;110;10355;40;731;2020-04-12 21:00:00
981;110;10389;40;732;2020-04-12 21:00:00
982;111;10363;35;733;2020-04-12 21:00:00
983;111;10361;35;733;2020-04-12 21:00:00
984;111;10362;35;733;2020-04-12 21:00:00
985;108;10347;37;734;2020-04-12 21:00:00
986;108;10347;43;735;2020-04-12 21:00:00
987;111;10359;46;736;2020-04-12 21:00:00
988;110;10354;39;737;2020-04-12 21:00:00
989;112;10367;37;738;2020-04-12 21:00:00
990;111;10358;35;739;2020-04-12 21:00:00
991;111;10358;36;740;2020-04-12 21:00:00
992;111;10359;46;741;2020-04-12 21:00:00
993;109;10409;42;743;2020-04-12 21:00:00
994;108;10348;42;743;2020-04-12 21:00:00
995;108;10347;42;743;2020-04-12 21:00:00
996;108;10328;42;743;2020-04-12 21:00:00
997;108;10327;42;743;2020-04-12 21:00:00
998;110;10387;37;744;2020-04-12 21:00:00
999;111;10363;39;745;2020-04-12 21:00:00
1000;111;10358;33;746;2020-04-12 21:00:00
1001;111;10359;33;746;2020-04-12 21:00:00
1002;111;10363;33;746;2020-04-12 21:00:00
1003;111;10361;33;746;2020-04-12 21:00:00
1004;111;10362;33;746;2020-04-12 21:00:00
1005;113;10368;33;747;2020-04-12 21:00:00
1006;112;10367;45;748;2020-04-12 21:00:00
1007;112;10366;40;749;2020-04-12 21:00:00
1008;111;10362;35;750;2020-04-12 21:00:00
1009;114;10371;41;751;2020-04-12 21:00:00
1010;114;10372;33;752;2020-04-12 21:00:00
1011;110;10387;41;753;2020-04-12 21:00:00
1012;110;10387;37;754;2020-04-12 21:00:00
1013;110;10354;37;754;2020-04-12 21:00:00
1014;108;10327;41;755;2020-04-12 21:00:00
1015;110;10388;36;756;2020-04-12 21:00:00
1016;110;10354;37;757;2020-04-12 21:00:00
1017;113;10370;36;758;2020-04-12 21:00:00
1018;114;10373;37;759;2020-04-12 21:00:00
1019;110;10388;34;760;2020-04-12 21:00:00
1020;110;10387;40;761;2020-04-12 21:00:00
1021;110;10387;37;762;2020-04-12 21:00:00
1022;110;10354;37;762;2020-04-12 21:00:00
1023;111;10358;34;763;2020-04-12 21:00:00
1024;111;10361;34;764;2020-04-12 21:00:00
1025;111;10362;34;764;2020-04-12 21:00:00
1026;111;10362;34;765;2020-04-12 21:00:00
1027;111;10358;41;766;2020-04-12 21:00:00
1028;111;10359;41;766;2020-04-12 21:00:00
1029;111;10363;41;766;2020-04-12 21:00:00
1030;111;10361;41;766;2020-04-12 21:00:00
1031;111;10362;41;766;2020-04-12 21:00:00
1032;111;10361;37;767;2020-04-12 21:00:00
1033;114;10372;33;768;2020-04-12 21:00:00
1034;111;10363;33;769;2020-04-12 21:00:00
1035;109;10409;40;770;2020-04-12 21:00:00
1036;110;10354;41;771;2020-04-12 21:00:00
1037;111;10363;33;772;2020-04-12 21:00:00
1038;111;10361;33;772;2020-04-12 21:00:00
1039;111;10362;33;772;2020-04-12 21:00:00
1040;110;10388;35;773;2020-04-12 21:00:00
1041;110;10354;39;774;2020-04-12 21:00:00
1042;113;10370;40;775;2020-04-12 21:00:00
1043;114;10372;38;776;2020-04-12 21:00:00
1044;110;10387;40;777;2020-04-12 21:00:00
1045;110;10354;40;777;2020-04-12 21:00:00
1046;110;10355;40;777;2020-04-12 21:00:00
1047;110;10387;40;778;2020-04-12 21:00:00
1048;110;10388;40;778;2020-04-12 21:00:00
1049;110;10387;38;780;2020-04-12 21:00:00
1050;110;10354;38;780;2020-04-12 21:00:00
1051;110;10355;38;780;2020-04-12 21:00:00
1052;108;10347;40;781;2020-04-12 21:00:00
1053;114;10373;34;782;2020-04-12 21:00:00
1054;114;10372;41;783;2020-04-12 21:00:00
1055;113;10369;46;784;2020-04-12 21:00:00
1056;114;10373;38;785;2020-04-12 21:00:00
1057;114;10372;41;786;2020-04-12 21:00:00
1058;113;10369;41;787;2020-04-12 21:00:00
1059;113;10368;41;788;2020-04-12 21:00:00
1060;113;10370;41;788;2020-04-12 21:00:00
1061;113;10370;37;790;2020-04-12 21:00:00
1062;111;10358;39;791;2020-04-12 21:00:00
1063;111;10363;39;791;2020-04-12 21:00:00
1064;111;10362;39;791;2020-04-12 21:00:00
1065;111;10358;41;792;2020-04-12 21:00:00
1066;111;10363;41;792;2020-04-12 21:00:00
1067;111;10361;41;792;2020-04-12 21:00:00
1068;111;10362;41;792;2020-04-12 21:00:00
1069;110;10387;39;793;2020-04-12 21:00:00
1070;110;10388;39;793;2020-04-12 21:00:00
1071;110;10354;39;793;2020-04-12 21:00:00
1072;113;10368;37;794;2020-04-12 21:00:00
1073;113;10368;37;795;2020-04-12 21:00:00
1074;113;10368;37;796;2020-04-12 21:00:00
1075;112;10367;40;797;2020-04-12 21:00:00
1076;111;10361;45;798;2020-04-12 21:00:00
1077;111;10362;45;798;2020-04-12 21:00:00
1078;112;10366;37;799;2020-04-12 21:00:00
1079;111;10361;37;800;2020-04-12 21:00:00
1080;109;10409;40;801;2020-04-12 21:00:00
1081;108;10328;40;802;2020-04-12 21:00:00
1082;110;10387;40;803;2020-04-12 21:00:00
1083;110;10354;40;803;2020-04-12 21:00:00
1084;111;10361;33;804;2020-04-12 21:00:00
1085;112;10366;39;805;2020-04-12 21:00:00
1086;114;10373;34;806;2020-04-12 21:00:00
1087;113;10369;34;808;2020-04-12 21:00:00
1088;113;10369;33;808;2020-04-12 21:00:00
1089;112;10367;39;809;2020-04-12 21:00:00
1090;112;10367;35;810;2020-04-12 21:00:00
1091;113;10370;36;812;2020-04-12 21:00:00
1092;114;10372;37;813;2020-04-12 21:00:00
1093;113;10370;45;814;2020-04-12 21:00:00
1094;111;10361;40;815;2020-04-12 21:00:00
1095;111;10362;40;815;2020-04-12 21:00:00
1096;111;10359;33;816;2020-04-12 21:00:00
1097;108;10347;37;817;2020-04-12 21:00:00
1098;108;10327;37;817;2020-04-12 21:00:00
1099;110;10356;46;818;2020-04-12 21:00:00
1100;111;10358;33;819;2020-04-12 21:00:00
1101;111;10358;42;820;2020-04-12 21:00:00
1102;111;10358;33;821;2020-04-12 21:00:00
1103;111;10363;33;821;2020-04-12 21:00:00
1104;111;10361;33;821;2020-04-12 21:00:00
1105;111;10363;37;822;2020-04-12 21:00:00
1106;111;10359;34;823;2020-04-12 21:00:00
1107;113;10368;34;824;2020-04-12 21:00:00
1108;111;10363;46;825;2020-04-12 21:00:00
1109;114;10372;40;826;2020-04-12 21:00:00
1110;113;10368;44;827;2020-04-12 21:00:00
1111;113;10370;39;828;2020-04-12 21:00:00
1112;114;10372;36;829;2020-04-12 21:00:00
1113;114;10372;36;831;2020-04-12 21:00:00
1114;114;10372;36;832;2020-04-12 21:00:00
1115;108;10348;37;833;2020-04-12 21:00:00
1116;110;10387;37;834;2020-04-12 21:00:00
1117;114;10372;46;835;2020-04-12 21:00:00
1118;114;10372;46;836;2020-04-12 21:00:00
1119;108;10347;37;837;2020-04-12 21:00:00
1120;113;10370;46;838;2020-04-12 21:00:00
1121;113;10370;37;839;2020-04-12 21:00:00
1122;111;10361;35;840;2020-04-12 21:00:00
1123;111;10362;35;840;2020-04-12 21:00:00
1124;108;10347;41;841;2020-04-12 21:00:00
1125;108;10328;41;841;2020-04-12 21:00:00
1126;108;10327;36;842;2020-04-12 21:00:00
1127;108;10327;43;843;2020-04-12 21:00:00
1128;108;10347;41;844;2020-04-12 21:00:00
1129;108;10327;41;844;2020-04-12 21:00:00
1130;110;10388;43;845;2020-04-12 21:00:00
1131;111;10358;34;846;2020-04-12 21:00:00
1132;111;10358;45;847;2020-04-12 21:00:00
1133;111;10359;45;847;2020-04-12 21:00:00
1134;111;10363;45;847;2020-04-12 21:00:00
1135;111;10361;45;847;2020-04-12 21:00:00
1136;111;10362;45;847;2020-04-12 21:00:00
1137;114;10372;39;848;2020-04-12 21:00:00
1138;114;10372;46;849;2020-04-12 21:00:00
1139;113;10370;33;850;2020-04-12 21:00:00
1140;114;10373;39;851;2020-04-12 21:00:00
1141;114;10373;36;852;2020-04-12 21:00:00
1142;108;10328;43;853;2020-04-12 21:00:00
1143;114;10372;38;854;2020-04-12 21:00:00
1144;114;10373;46;855;2020-04-12 21:00:00
1145;108;10347;43;856;2020-04-12 21:00:00
1146;111;10358;43;857;2020-04-12 21:00:00
1147;111;10361;43;857;2020-04-12 21:00:00
1148;111;10362;43;857;2020-04-12 21:00:00
1149;111;10362;45;858;2020-04-12 21:00:00
1150;111;10361;43;859;2020-04-12 21:00:00
1151;111;10362;43;859;2020-04-12 21:00:00
1152;111;10363;43;860;2020-04-12 21:00:00
1153;111;10361;43;860;2020-04-12 21:00:00
1154;111;10362;43;860;2020-04-12 21:00:00
1155;111;10358;39;861;2020-04-12 21:00:00
1156;111;10362;39;861;2020-04-12 21:00:00
1157;108;10348;38;862;2020-04-12 21:00:00
1158;111;10358;39;863;2020-04-12 21:00:00
1159;111;10359;39;863;2020-04-12 21:00:00
1160;111;10363;39;863;2020-04-12 21:00:00
1161;111;10361;39;863;2020-04-12 21:00:00
1162;111;10362;39;863;2020-04-12 21:00:00
1163;111;10361;39;864;2020-04-12 21:00:00
1164;111;10362;39;864;2020-04-12 21:00:00
1165;113;10370;37;865;2020-04-12 21:00:00
1166;108;10327;46;866;2020-04-12 21:00:00
1167;108;10348;46;867;2020-04-12 21:00:00
1168;113;10370;45;868;2020-04-12 21:00:00
1169;108;10347;46;869;2020-04-12 21:00:00
1170;114;10373;46;870;2020-04-12 21:00:00
1171;108;10347;46;871;2020-04-12 21:00:00
1172;108;10327;42;872;2020-04-12 21:00:00
1173;112;10367;46;873;2020-04-12 21:00:00
1174;108;10327;46;875;2020-04-12 21:00:00
1175;108;10327;35;875;2020-04-12 21:00:00
1176;113;10370;37;876;2020-04-12 21:00:00
1177;114;10372;39;877;2020-04-12 21:00:00
1178;110;10387;34;878;2020-04-12 21:00:00
1179;110;10354;34;878;2020-04-12 21:00:00
1180;114;10372;34;879;2020-04-12 21:00:00
1181;113;10370;41;880;2020-04-12 21:00:00
1182;110;10387;44;881;2020-04-12 21:00:00
1183;110;10354;44;881;2020-04-12 21:00:00
1184;113;10370;44;882;2020-04-12 21:00:00
1185;108;10347;33;883;2020-04-12 21:00:00
1186;108;10327;33;883;2020-04-12 21:00:00
1187;113;10370;45;884;2020-04-12 21:00:00
1188;111;10358;33;885;2020-04-12 21:00:00
1189;111;10363;33;885;2020-04-12 21:00:00
1190;111;10361;33;885;2020-04-12 21:00:00
1191;111;10362;33;885;2020-04-12 21:00:00
1192;111;10358;33;886;2020-04-12 21:00:00
1193;111;10359;33;886;2020-04-12 21:00:00
1194;111;10363;33;886;2020-04-12 21:00:00
1195;111;10361;33;886;2020-04-12 21:00:00
1196;111;10362;33;886;2020-04-12 21:00:00
1197;108;10347;36;887;2020-04-12 21:00:00
1198;111;10358;46;888;2020-04-12 21:00:00
1199;113;10370;36;889;2020-04-12 21:00:00
1200;108;10347;46;890;2020-04-12 21:00:00
1201;111;10361;43;891;2020-04-12 21:00:00
1202;111;10362;43;891;2020-04-12 21:00:00
1203;114;10373;35;892;2020-04-12 21:00:00
1204;114;10372;38;893;2020-04-12 21:00:00
1205;114;10373;38;893;2020-04-12 21:00:00
1206;112;10367;39;894;2020-04-12 21:00:00
1207;108;10348;35;895;2020-04-12 21:00:00
1208;108;10347;35;895;2020-04-12 21:00:00
1209;108;10328;35;895;2020-04-12 21:00:00
1210;108;10327;35;895;2020-04-12 21:00:00
1211;110;10389;37;896;2020-04-12 21:00:00
1212;111;10358;39;897;2020-04-12 21:00:00
1213;111;10363;39;897;2020-04-12 21:00:00
1214;111;10361;39;897;2020-04-12 21:00:00
1215;111;10362;39;897;2020-04-12 21:00:00
1216;110;10357;35;898;2020-04-12 21:00:00
1217;108;10328;37;899;2020-04-12 21:00:00
1218;109;10409;34;900;2020-04-12 21:00:00
1219;112;10367;34;901;2020-04-12 21:00:00
1220;108;10328;42;902;2020-04-12 21:00:00
1221;108;10328;43;903;2020-04-12 21:00:00
1222;110;10389;46;904;2020-04-12 21:00:00
1223;113;10370;34;906;2020-04-12 21:00:00
1224;112;10367;33;907;2020-04-12 21:00:00
1225;110;10357;39;908;2020-04-12 21:00:00
1226;108;10327;43;909;2020-04-12 21:00:00
1227;114;10372;34;910;2020-04-12 21:00:00
1228;108;10348;36;911;2020-04-12 21:00:00
1229;108;10347;33;912;2020-04-12 21:00:00
1230;113;10370;44;913;2020-04-12 21:00:00
1231;108;10347;42;914;2020-04-12 21:00:00
1232;108;10328;34;915;2020-04-12 21:00:00
1233;108;10347;39;916;2020-04-12 21:00:00
1234;112;10367;45;917;2020-04-12 21:00:00
1235;108;10347;38;918;2020-04-12 21:00:00
1236;114;10372;33;919;2020-04-12 21:00:00
1237;112;10367;44;920;2020-04-12 21:00:00
1238;110;10387;45;921;2020-04-12 21:00:00
1239;110;10354;45;921;2020-04-12 21:00:00
1240;114;10371;39;922;2020-04-12 21:00:00
1241;114;10372;34;923;2020-04-12 21:00:00
1242;113;10370;34;924;2020-04-12 21:00:00
1243;109;10410;34;925;2020-04-12 21:00:00
1244;112;10366;37;926;2020-04-12 21:00:00
1245;112;10367;37;926;2020-04-12 21:00:00
1246;113;10370;37;927;2020-04-12 21:00:00
1247;112;10366;46;928;2020-04-12 21:00:00
1248;112;10367;46;928;2020-04-12 21:00:00
1249;113;10370;37;929;2020-04-12 21:00:00
1250;108;10347;36;930;2020-04-12 21:00:00
1251;108;10327;36;930;2020-04-12 21:00:00
1252;108;10348;34;931;2020-04-12 21:00:00
1253;114;10372;35;932;2020-04-12 21:00:00
1254;109;10409;46;933;2020-04-12 21:00:00
1255;112;10367;45;934;2020-04-12 21:00:00
1256;114;10372;33;935;2020-04-12 21:00:00
1257;108;10327;42;936;2020-04-12 21:00:00
1258;112;10367;41;937;2020-04-12 21:00:00
1259;112;10367;33;938;2020-04-12 21:00:00
1260;113;10370;45;939;2020-04-12 21:00:00
1261;114;10373;34;940;2020-04-12 21:00:00
1262;114;10372;35;941;2020-04-12 21:00:00
1263;114;10372;35;942;2020-04-12 21:00:00
1264;114;10373;43;944;2020-04-12 21:00:00
1265;114;10373;37;944;2020-04-12 21:00:00
1266;113;10370;43;945;2020-04-12 21:00:00
1267;112;10366;43;946;2020-04-12 21:00:00
1268;114;10372;34;947;2020-04-12 21:00:00
1269;114;10372;37;948;2020-04-12 21:00:00
1270;114;10372;42;949;2020-04-12 21:00:00
1271;112;10366;46;951;2020-04-12 21:00:00
1272;113;10369;36;952;2020-04-12 21:00:00
1273;112;10366;43;953;2020-04-12 21:00:00
1274;112;10366;46;954;2020-04-12 21:00:00
1275;112;10367;46;954;2020-04-12 21:00:00
1276;113;10369;46;955;2020-04-12 21:00:00
1277;114;10372;33;956;2020-04-12 21:00:00
1278;113;10370;36;957;2020-04-12 21:00:00
1279;114;10372;36;958;2020-04-12 21:00:00
1280;114;10373;45;959;2020-04-12 21:00:00
1281;112;10366;37;960;2020-04-12 21:00:00
1282;114;10372;37;961;2020-04-12 21:00:00
1283;109;10409;36;962;2020-04-12 21:00:00
1284;114;10371;33;963;2020-04-12 21:00:00
1285;109;10409;43;964;2020-04-12 21:00:00
1286;114;10372;34;965;2020-04-12 21:00:00
1287;110;10389;34;966;2020-04-12 21:00:00
1288;112;10367;37;967;2020-04-12 21:00:00
1289;108;10327;39;968;2020-04-12 21:00:00
1290;112;10367;39;969;2020-04-12 21:00:00
1291;111;10363;33;970;2020-04-12 21:00:00
1292;112;10367;43;971;2020-04-12 21:00:00
1293;114;10372;34;972;2020-04-12 21:00:00
1294;110;10387;40;973;2020-04-12 21:00:00
1295;110;10354;40;973;2020-04-12 21:00:00
1296;110;10355;40;973;2020-04-12 21:00:00
1297;112;10366;44;974;2020-04-12 21:00:00
1298;111;10358;43;975;2020-04-12 21:00:00
1299;111;10359;43;975;2020-04-12 21:00:00
1300;111;10363;43;975;2020-04-12 21:00:00
1301;111;10361;43;975;2020-04-12 21:00:00
1302;111;10362;43;975;2020-04-12 21:00:00
1303;113;10370;35;976;2020-04-12 21:00:00
1304;111;10361;38;977;2020-04-12 21:00:00
1305;111;10362;38;977;2020-04-12 21:00:00
1306;111;10358;38;978;2020-04-12 21:00:00
1307;111;10361;38;978;2020-04-12 21:00:00
1308;111;10362;38;978;2020-04-12 21:00:00
1309;108;10328;35;979;2020-04-12 21:00:00
1310;111;10361;36;980;2020-04-12 21:00:00
1311;111;10362;36;980;2020-04-12 21:00:00
1312;111;10361;39;981;2020-04-12 21:00:00
1313;111;10362;39;981;2020-04-12 21:00:00
1314;111;10361;34;982;2020-04-12 21:00:00
1315;111;10362;34;982;2020-04-12 21:00:00
1316;111;10361;45;984;2020-04-12 21:00:00
1317;111;10361;45;985;2020-04-12 21:00:00
1318;111;10362;45;985;2020-04-12 21:00:00
1319;111;10361;33;986;2020-04-12 21:00:00
1320;111;10362;33;986;2020-04-12 21:00:00
1321;111;10358;42;987;2020-04-12 21:00:00
1322;111;10363;42;987;2020-04-12 21:00:00
1323;111;10361;42;987;2020-04-12 21:00:00
1324;111;10362;42;987;2020-04-12 21:00:00
1325;110;10357;43;988;2020-04-12 21:00:00
1326;111;10363;41;989;2020-04-12 21:00:00
